-- phpMyAdmin SQL Dump
-- version 5.2.1
-- https://www.phpmyadmin.net/
--
-- Host: localhost
-- Generation Time: Nov 13, 2025 at 12:28 PM
-- Server version: 10.4.28-MariaDB
-- PHP Version: 8.2.4

SET SQL_MODE = "NO_AUTO_VALUE_ON_ZERO";
START TRANSACTION;
SET time_zone = "+00:00";


/*!40101 SET @OLD_CHARACTER_SET_CLIENT=@@CHARACTER_SET_CLIENT */;
/*!40101 SET @OLD_CHARACTER_SET_RESULTS=@@CHARACTER_SET_RESULTS */;
/*!40101 SET @OLD_COLLATION_CONNECTION=@@COLLATION_CONNECTION */;
/*!40101 SET NAMES utf8mb4 */;

--
-- Database: `qubo_labs`
--

-- --------------------------------------------------------

--
-- Table structure for table `attendance_records`
--

CREATE TABLE `attendance_records` (
  `record_id` int(11) NOT NULL,
  `session_id` int(11) NOT NULL,
  `student_id` int(11) NOT NULL,
  `seat_id` int(11) NOT NULL,
  `verification_code` varchar(4) NOT NULL,
  `scanned_at` timestamp NOT NULL DEFAULT current_timestamp(),
  `verified_at` timestamp NULL DEFAULT NULL,
  `verified_by_student_id` int(11) DEFAULT NULL,
  `no_neighbours` tinyint(1) DEFAULT 0,
  `status` enum('scanned','verified') DEFAULT 'scanned'
) ENGINE=InnoDB DEFAULT CHARSET=utf8mb4 COLLATE=utf8mb4_general_ci;

-- --------------------------------------------------------

--
-- Table structure for table `attendance_sessions`
--

CREATE TABLE `attendance_sessions` (
  `session_id` int(11) NOT NULL,
  `staff_id` int(11) NOT NULL,
  `class_id` int(11) NOT NULL,
  `hall_id` int(11) NOT NULL,
  `subject_id` int(11) DEFAULT NULL,
  `session_name` varchar(100) NOT NULL,
  `comments` text DEFAULT NULL,
  `start_time` timestamp NOT NULL DEFAULT current_timestamp(),
  `end_time` timestamp NULL DEFAULT NULL,
  `status` enum('active','ended') DEFAULT 'active'
) ENGINE=InnoDB DEFAULT CHARSET=utf8mb4 COLLATE=utf8mb4_general_ci;

-- --------------------------------------------------------

--
-- Table structure for table `classes`
--

CREATE TABLE `classes` (
  `class_id` int(11) NOT NULL,
  `class_name` varchar(50) NOT NULL,
  `section` varchar(10) DEFAULT NULL,
  `semester` varchar(20) DEFAULT NULL,
  `created_at` timestamp NOT NULL DEFAULT current_timestamp()
) ENGINE=InnoDB DEFAULT CHARSET=utf8mb4 COLLATE=utf8mb4_general_ci;

--
-- Dumping data for table `classes`
--

INSERT INTO `classes` (`class_id`, `class_name`, `section`, `semester`, `created_at`) VALUES
(1, 'CSE', 'A', '5th Sem', '2025-11-12 11:42:20'),
(2, 'CSE', 'B', '5th Sem', '2025-11-12 11:42:20'),
(3, 'CSE', 'C', '5th Sem', '2025-11-12 11:42:20'),
(4, 'CSE', 'D', '5th Sem', '2025-11-12 11:42:20');

-- --------------------------------------------------------

--
-- Table structure for table `seminar_halls`
--

CREATE TABLE `seminar_halls` (
  `hall_id` int(11) NOT NULL,
  `hall_name` varchar(50) NOT NULL,
  `room_number` varchar(10) NOT NULL,
  `capacity` int(11) NOT NULL,
  `created_at` timestamp NOT NULL DEFAULT current_timestamp()
) ENGINE=InnoDB DEFAULT CHARSET=utf8mb4 COLLATE=utf8mb4_general_ci;

--
-- Dumping data for table `seminar_halls`
--

INSERT INTO `seminar_halls` (`hall_id`, `hall_name`, `room_number`, `capacity`, `created_at`) VALUES
(1, 'Seminar Hall 1', '025', 104, '2025-11-12 11:42:20'),
(2, 'Seminar Hall 2', '033', 104, '2025-11-12 11:42:20'),
(3, 'Seminar Hall 3', '034', 104, '2025-11-12 11:42:20');

-- --------------------------------------------------------

--
-- Table structure for table `seminar_seats`
--

CREATE TABLE `seminar_seats` (
  `seat_id` int(11) NOT NULL,
  `hall_id` int(11) NOT NULL,
  `seat_number` varchar(20) NOT NULL,
  `row_number` int(11) NOT NULL,
  `seat_position` int(11) NOT NULL,
  `qr_code` varchar(100) NOT NULL
) ENGINE=InnoDB DEFAULT CHARSET=utf8mb4 COLLATE=utf8mb4_general_ci;

--
-- Dumping data for table `seminar_seats`
--

INSERT INTO `seminar_seats` (`seat_id`, `hall_id`, `seat_number`, `row_number`, `seat_position`, `qr_code`) VALUES
(1, 1, 'A1', 1, 1, 'A1_H1'),
(2, 1, 'A2', 1, 2, 'A2_H1'),
(3, 1, 'A3', 1, 3, 'A3_H1'),
(4, 1, 'A4', 1, 4, 'A4_H1'),
(5, 1, 'A5', 1, 5, 'A5_H1'),
(6, 1, 'A6', 1, 6, 'A6_H1'),
(7, 1, 'A7', 1, 7, 'A7_H1'),
(8, 1, 'A8', 1, 8, 'A8_H1'),
(9, 1, 'A9', 1, 9, 'A9_H1'),
(10, 1, 'A10', 1, 10, 'A10_H1'),
(11, 1, 'A11', 1, 11, 'A11_H1'),
(12, 1, 'A12', 1, 12, 'A12_H1'),
(13, 1, 'A13', 1, 13, 'A13_H1'),
(14, 1, 'A14', 1, 14, 'A14_H1'),
(15, 1, 'A15', 1, 15, 'A15_H1'),
(16, 1, 'A16', 1, 16, 'A16_H1'),
(17, 1, 'A17', 1, 17, 'A17_H1'),
(18, 1, 'A18', 1, 18, 'A18_H1'),
(19, 1, 'A19', 1, 19, 'A19_H1'),
(20, 1, 'A20', 1, 20, 'A20_H1'),
(21, 1, 'A21', 1, 21, 'A21_H1'),
(22, 1, 'B1', 2, 1, 'B1_H1'),
(23, 1, 'B2', 2, 2, 'B2_H1'),
(24, 1, 'B3', 2, 3, 'B3_H1'),
(25, 1, 'B4', 2, 4, 'B4_H1'),
(26, 1, 'B5', 2, 5, 'B5_H1'),
(27, 1, 'B6', 2, 6, 'B6_H1'),
(28, 1, 'B7', 2, 7, 'B7_H1'),
(29, 1, 'B8', 2, 8, 'B8_H1'),
(30, 1, 'B9', 2, 9, 'B9_H1'),
(31, 1, 'B10', 2, 10, 'B10_H1'),
(32, 1, 'B11', 2, 11, 'B11_H1'),
(33, 1, 'B12', 2, 12, 'B12_H1'),
(34, 1, 'B13', 2, 13, 'B13_H1'),
(35, 1, 'B14', 2, 14, 'B14_H1'),
(36, 1, 'B15', 2, 15, 'B15_H1'),
(37, 1, 'B16', 2, 16, 'B16_H1'),
(38, 1, 'B17', 2, 17, 'B17_H1'),
(39, 1, 'B18', 2, 18, 'B18_H1'),
(40, 1, 'B19', 2, 19, 'B19_H1'),
(41, 1, 'B20', 2, 20, 'B20_H1'),
(42, 1, 'B21', 2, 21, 'B21_H1'),
(43, 1, 'C1', 3, 1, 'C1_H1'),
(44, 1, 'C2', 3, 2, 'C2_H1'),
(45, 1, 'C3', 3, 3, 'C3_H1'),
(46, 1, 'C4', 3, 4, 'C4_H1'),
(47, 1, 'C5', 3, 5, 'C5_H1'),
(48, 1, 'C6', 3, 6, 'C6_H1'),
(49, 1, 'C7', 3, 7, 'C7_H1'),
(50, 1, 'C8', 3, 8, 'C8_H1'),
(51, 1, 'C9', 3, 9, 'C9_H1'),
(52, 1, 'C10', 3, 10, 'C10_H1'),
(53, 1, 'C11', 3, 11, 'C11_H1'),
(54, 1, 'C12', 3, 12, 'C12_H1'),
(55, 1, 'C13', 3, 13, 'C13_H1'),
(56, 1, 'C14', 3, 14, 'C14_H1'),
(57, 1, 'C15', 3, 15, 'C15_H1'),
(58, 1, 'C16', 3, 16, 'C16_H1'),
(59, 1, 'C17', 3, 17, 'C17_H1'),
(60, 1, 'C18', 3, 18, 'C18_H1'),
(61, 1, 'C19', 3, 19, 'C19_H1'),
(62, 1, 'C20', 3, 20, 'C20_H1'),
(63, 1, 'C21', 3, 21, 'C21_H1'),
(64, 1, 'D1', 4, 1, 'D1_H1'),
(65, 1, 'D2', 4, 2, 'D2_H1'),
(66, 1, 'D3', 4, 3, 'D3_H1'),
(67, 1, 'D4', 4, 4, 'D4_H1'),
(68, 1, 'D5', 4, 5, 'D5_H1'),
(69, 1, 'D6', 4, 6, 'D6_H1'),
(70, 1, 'D7', 4, 7, 'D7_H1'),
(71, 1, 'D8', 4, 8, 'D8_H1'),
(72, 1, 'D9', 4, 9, 'D9_H1'),
(73, 1, 'D10', 4, 10, 'D10_H1'),
(74, 1, 'D11', 4, 11, 'D11_H1'),
(75, 1, 'D12', 4, 12, 'D12_H1'),
(76, 1, 'D13', 4, 13, 'D13_H1'),
(77, 1, 'D14', 4, 14, 'D14_H1'),
(78, 1, 'D15', 4, 15, 'D15_H1'),
(79, 1, 'D16', 4, 16, 'D16_H1'),
(80, 1, 'D17', 4, 17, 'D17_H1'),
(81, 1, 'D18', 4, 18, 'D18_H1'),
(82, 1, 'D19', 4, 19, 'D19_H1'),
(83, 1, 'D20', 4, 20, 'D20_H1'),
(84, 1, 'D21', 4, 21, 'D21_H1'),
(85, 1, 'E1', 5, 1, 'E1_H1'),
(86, 1, 'E2', 5, 2, 'E2_H1'),
(87, 1, 'E3', 5, 3, 'E3_H1'),
(88, 1, 'E4', 5, 4, 'E4_H1'),
(89, 1, 'E5', 5, 5, 'E5_H1'),
(90, 1, 'E6', 5, 6, 'E6_H1'),
(91, 1, 'E7', 5, 7, 'E7_H1'),
(92, 1, 'E8', 5, 8, 'E8_H1'),
(93, 1, 'E9', 5, 9, 'E9_H1'),
(94, 1, 'E10', 5, 10, 'E10_H1'),
(95, 1, 'E11', 5, 11, 'E11_H1'),
(96, 1, 'E12', 5, 12, 'E12_H1'),
(97, 1, 'E13', 5, 13, 'E13_H1'),
(98, 1, 'E14', 5, 14, 'E14_H1'),
(99, 1, 'E15', 5, 15, 'E15_H1'),
(100, 1, 'E16', 5, 16, 'E16_H1'),
(101, 1, 'E17', 5, 17, 'E17_H1'),
(102, 1, 'E18', 5, 18, 'E18_H1'),
(103, 1, 'E19', 5, 19, 'E19_H1'),
(104, 1, 'E20', 5, 20, 'E20_H1'),
(105, 2, 'A1', 1, 1, 'A1_H2'),
(106, 2, 'A2', 1, 2, 'A2_H2'),
(107, 2, 'A3', 1, 3, 'A3_H2'),
(108, 2, 'A4', 1, 4, 'A4_H2'),
(109, 2, 'A5', 1, 5, 'A5_H2'),
(110, 2, 'A6', 1, 6, 'A6_H2'),
(111, 2, 'A7', 1, 7, 'A7_H2'),
(112, 2, 'A8', 1, 8, 'A8_H2'),
(113, 2, 'A9', 1, 9, 'A9_H2'),
(114, 2, 'A10', 1, 10, 'A10_H2'),
(115, 2, 'A11', 1, 11, 'A11_H2'),
(116, 2, 'A12', 1, 12, 'A12_H2'),
(117, 2, 'A13', 1, 13, 'A13_H2'),
(118, 2, 'A14', 1, 14, 'A14_H2'),
(119, 2, 'A15', 1, 15, 'A15_H2'),
(120, 2, 'A16', 1, 16, 'A16_H2'),
(121, 2, 'A17', 1, 17, 'A17_H2'),
(122, 2, 'A18', 1, 18, 'A18_H2'),
(123, 2, 'A19', 1, 19, 'A19_H2'),
(124, 2, 'A20', 1, 20, 'A20_H2'),
(125, 2, 'A21', 1, 21, 'A21_H2'),
(126, 2, 'B1', 2, 1, 'B1_H2'),
(127, 2, 'B2', 2, 2, 'B2_H2'),
(128, 2, 'B3', 2, 3, 'B3_H2'),
(129, 2, 'B4', 2, 4, 'B4_H2'),
(130, 2, 'B5', 2, 5, 'B5_H2'),
(131, 2, 'B6', 2, 6, 'B6_H2'),
(132, 2, 'B7', 2, 7, 'B7_H2'),
(133, 2, 'B8', 2, 8, 'B8_H2'),
(134, 2, 'B9', 2, 9, 'B9_H2'),
(135, 2, 'B10', 2, 10, 'B10_H2'),
(136, 2, 'B11', 2, 11, 'B11_H2'),
(137, 2, 'B12', 2, 12, 'B12_H2'),
(138, 2, 'B13', 2, 13, 'B13_H2'),
(139, 2, 'B14', 2, 14, 'B14_H2'),
(140, 2, 'B15', 2, 15, 'B15_H2'),
(141, 2, 'B16', 2, 16, 'B16_H2'),
(142, 2, 'B17', 2, 17, 'B17_H2'),
(143, 2, 'B18', 2, 18, 'B18_H2'),
(144, 2, 'B19', 2, 19, 'B19_H2'),
(145, 2, 'B20', 2, 20, 'B20_H2'),
(146, 2, 'B21', 2, 21, 'B21_H2'),
(147, 2, 'C1', 3, 1, 'C1_H2'),
(148, 2, 'C2', 3, 2, 'C2_H2'),
(149, 2, 'C3', 3, 3, 'C3_H2'),
(150, 2, 'C4', 3, 4, 'C4_H2'),
(151, 2, 'C5', 3, 5, 'C5_H2'),
(152, 2, 'C6', 3, 6, 'C6_H2'),
(153, 2, 'C7', 3, 7, 'C7_H2'),
(154, 2, 'C8', 3, 8, 'C8_H2'),
(155, 2, 'C9', 3, 9, 'C9_H2'),
(156, 2, 'C10', 3, 10, 'C10_H2'),
(157, 2, 'C11', 3, 11, 'C11_H2'),
(158, 2, 'C12', 3, 12, 'C12_H2'),
(159, 2, 'C13', 3, 13, 'C13_H2'),
(160, 2, 'C14', 3, 14, 'C14_H2'),
(161, 2, 'C15', 3, 15, 'C15_H2'),
(162, 2, 'C16', 3, 16, 'C16_H2'),
(163, 2, 'C17', 3, 17, 'C17_H2'),
(164, 2, 'C18', 3, 18, 'C18_H2'),
(165, 2, 'C19', 3, 19, 'C19_H2'),
(166, 2, 'C20', 3, 20, 'C20_H2'),
(167, 2, 'C21', 3, 21, 'C21_H2'),
(168, 2, 'D1', 4, 1, 'D1_H2'),
(169, 2, 'D2', 4, 2, 'D2_H2'),
(170, 2, 'D3', 4, 3, 'D3_H2'),
(171, 2, 'D4', 4, 4, 'D4_H2'),
(172, 2, 'D5', 4, 5, 'D5_H2'),
(173, 2, 'D6', 4, 6, 'D6_H2'),
(174, 2, 'D7', 4, 7, 'D7_H2'),
(175, 2, 'D8', 4, 8, 'D8_H2'),
(176, 2, 'D9', 4, 9, 'D9_H2'),
(177, 2, 'D10', 4, 10, 'D10_H2'),
(178, 2, 'D11', 4, 11, 'D11_H2'),
(179, 2, 'D12', 4, 12, 'D12_H2'),
(180, 2, 'D13', 4, 13, 'D13_H2'),
(181, 2, 'D14', 4, 14, 'D14_H2'),
(182, 2, 'D15', 4, 15, 'D15_H2'),
(183, 2, 'D16', 4, 16, 'D16_H2'),
(184, 2, 'D17', 4, 17, 'D17_H2'),
(185, 2, 'D18', 4, 18, 'D18_H2'),
(186, 2, 'D19', 4, 19, 'D19_H2'),
(187, 2, 'D20', 4, 20, 'D20_H2'),
(188, 2, 'D21', 4, 21, 'D21_H2'),
(189, 2, 'E1', 5, 1, 'E1_H2'),
(190, 2, 'E2', 5, 2, 'E2_H2'),
(191, 2, 'E3', 5, 3, 'E3_H2'),
(192, 2, 'E4', 5, 4, 'E4_H2'),
(193, 2, 'E5', 5, 5, 'E5_H2'),
(194, 2, 'E6', 5, 6, 'E6_H2'),
(195, 2, 'E7', 5, 7, 'E7_H2'),
(196, 2, 'E8', 5, 8, 'E8_H2'),
(197, 2, 'E9', 5, 9, 'E9_H2'),
(198, 2, 'E10', 5, 10, 'E10_H2'),
(199, 2, 'E11', 5, 11, 'E11_H2'),
(200, 2, 'E12', 5, 12, 'E12_H2'),
(201, 2, 'E13', 5, 13, 'E13_H2'),
(202, 2, 'E14', 5, 14, 'E14_H2'),
(203, 2, 'E15', 5, 15, 'E15_H2'),
(204, 2, 'E16', 5, 16, 'E16_H2'),
(205, 2, 'E17', 5, 17, 'E17_H2'),
(206, 2, 'E18', 5, 18, 'E18_H2'),
(207, 2, 'E19', 5, 19, 'E19_H2'),
(208, 2, 'E20', 5, 20, 'E20_H2'),
(209, 3, 'A1', 1, 1, 'A1_H3'),
(210, 3, 'A2', 1, 2, 'A2_H3'),
(211, 3, 'A3', 1, 3, 'A3_H3'),
(212, 3, 'A4', 1, 4, 'A4_H3'),
(213, 3, 'A5', 1, 5, 'A5_H3'),
(214, 3, 'A6', 1, 6, 'A6_H3'),
(215, 3, 'A7', 1, 7, 'A7_H3'),
(216, 3, 'A8', 1, 8, 'A8_H3'),
(217, 3, 'A9', 1, 9, 'A9_H3'),
(218, 3, 'A10', 1, 10, 'A10_H3'),
(219, 3, 'A11', 1, 11, 'A11_H3'),
(220, 3, 'A12', 1, 12, 'A12_H3'),
(221, 3, 'A13', 1, 13, 'A13_H3'),
(222, 3, 'A14', 1, 14, 'A14_H3'),
(223, 3, 'A15', 1, 15, 'A15_H3'),
(224, 3, 'A16', 1, 16, 'A16_H3'),
(225, 3, 'A17', 1, 17, 'A17_H3'),
(226, 3, 'A18', 1, 18, 'A18_H3'),
(227, 3, 'A19', 1, 19, 'A19_H3'),
(228, 3, 'A20', 1, 20, 'A20_H3'),
(229, 3, 'A21', 1, 21, 'A21_H3'),
(230, 3, 'B1', 2, 1, 'B1_H3'),
(231, 3, 'B2', 2, 2, 'B2_H3'),
(232, 3, 'B3', 2, 3, 'B3_H3'),
(233, 3, 'B4', 2, 4, 'B4_H3'),
(234, 3, 'B5', 2, 5, 'B5_H3'),
(235, 3, 'B6', 2, 6, 'B6_H3'),
(236, 3, 'B7', 2, 7, 'B7_H3'),
(237, 3, 'B8', 2, 8, 'B8_H3'),
(238, 3, 'B9', 2, 9, 'B9_H3'),
(239, 3, 'B10', 2, 10, 'B10_H3'),
(240, 3, 'B11', 2, 11, 'B11_H3'),
(241, 3, 'B12', 2, 12, 'B12_H3'),
(242, 3, 'B13', 2, 13, 'B13_H3'),
(243, 3, 'B14', 2, 14, 'B14_H3'),
(244, 3, 'B15', 2, 15, 'B15_H3'),
(245, 3, 'B16', 2, 16, 'B16_H3'),
(246, 3, 'B17', 2, 17, 'B17_H3'),
(247, 3, 'B18', 2, 18, 'B18_H3'),
(248, 3, 'B19', 2, 19, 'B19_H3'),
(249, 3, 'B20', 2, 20, 'B20_H3'),
(250, 3, 'B21', 2, 21, 'B21_H3'),
(251, 3, 'C1', 3, 1, 'C1_H3'),
(252, 3, 'C2', 3, 2, 'C2_H3'),
(253, 3, 'C3', 3, 3, 'C3_H3'),
(254, 3, 'C4', 3, 4, 'C4_H3'),
(255, 3, 'C5', 3, 5, 'C5_H3'),
(256, 3, 'C6', 3, 6, 'C6_H3'),
(257, 3, 'C7', 3, 7, 'C7_H3'),
(258, 3, 'C8', 3, 8, 'C8_H3'),
(259, 3, 'C9', 3, 9, 'C9_H3'),
(260, 3, 'C10', 3, 10, 'C10_H3'),
(261, 3, 'C11', 3, 11, 'C11_H3'),
(262, 3, 'C12', 3, 12, 'C12_H3'),
(263, 3, 'C13', 3, 13, 'C13_H3'),
(264, 3, 'C14', 3, 14, 'C14_H3'),
(265, 3, 'C15', 3, 15, 'C15_H3'),
(266, 3, 'C16', 3, 16, 'C16_H3'),
(267, 3, 'C17', 3, 17, 'C17_H3'),
(268, 3, 'C18', 3, 18, 'C18_H3'),
(269, 3, 'C19', 3, 19, 'C19_H3'),
(270, 3, 'C20', 3, 20, 'C20_H3'),
(271, 3, 'C21', 3, 21, 'C21_H3'),
(272, 3, 'D1', 4, 1, 'D1_H3'),
(273, 3, 'D2', 4, 2, 'D2_H3'),
(274, 3, 'D3', 4, 3, 'D3_H3'),
(275, 3, 'D4', 4, 4, 'D4_H3'),
(276, 3, 'D5', 4, 5, 'D5_H3'),
(277, 3, 'D6', 4, 6, 'D6_H3'),
(278, 3, 'D7', 4, 7, 'D7_H3'),
(279, 3, 'D8', 4, 8, 'D8_H3'),
(280, 3, 'D9', 4, 9, 'D9_H3'),
(281, 3, 'D10', 4, 10, 'D10_H3'),
(282, 3, 'D11', 4, 11, 'D11_H3'),
(283, 3, 'D12', 4, 12, 'D12_H3'),
(284, 3, 'D13', 4, 13, 'D13_H3'),
(285, 3, 'D14', 4, 14, 'D14_H3'),
(286, 3, 'D15', 4, 15, 'D15_H3'),
(287, 3, 'D16', 4, 16, 'D16_H3'),
(288, 3, 'D17', 4, 17, 'D17_H3'),
(289, 3, 'D18', 4, 18, 'D18_H3'),
(290, 3, 'D19', 4, 19, 'D19_H3'),
(291, 3, 'D20', 4, 20, 'D20_H3'),
(292, 3, 'D21', 4, 21, 'D21_H3'),
(293, 3, 'E1', 5, 1, 'E1_H3'),
(294, 3, 'E2', 5, 2, 'E2_H3'),
(295, 3, 'E3', 5, 3, 'E3_H3'),
(296, 3, 'E4', 5, 4, 'E4_H3'),
(297, 3, 'E5', 5, 5, 'E5_H3'),
(298, 3, 'E6', 5, 6, 'E6_H3'),
(299, 3, 'E7', 5, 7, 'E7_H3'),
(300, 3, 'E8', 5, 8, 'E8_H3'),
(301, 3, 'E9', 5, 9, 'E9_H3'),
(302, 3, 'E10', 5, 10, 'E10_H3'),
(303, 3, 'E11', 5, 11, 'E11_H3'),
(304, 3, 'E12', 5, 12, 'E12_H3'),
(305, 3, 'E13', 5, 13, 'E13_H3'),
(306, 3, 'E14', 5, 14, 'E14_H3'),
(307, 3, 'E15', 5, 15, 'E15_H3'),
(308, 3, 'E16', 5, 16, 'E16_H3'),
(309, 3, 'E17', 5, 17, 'E17_H3'),
(310, 3, 'E18', 5, 18, 'E18_H3'),
(311, 3, 'E19', 5, 19, 'E19_H3'),
(312, 3, 'E20', 5, 20, 'E20_H3');

-- --------------------------------------------------------

--
-- Table structure for table `staff`
--

CREATE TABLE `staff` (
  `staff_id` int(11) NOT NULL,
  `staff_number` varchar(20) NOT NULL,
  `staff_name` varchar(100) NOT NULL,
  `password` varchar(255) NOT NULL,
  `department` varchar(100) DEFAULT NULL,
  `session_token` varchar(255) DEFAULT NULL,
  `last_login` timestamp NULL DEFAULT NULL,
  `created_at` timestamp NOT NULL DEFAULT current_timestamp()
) ENGINE=InnoDB DEFAULT CHARSET=utf8mb4 COLLATE=utf8mb4_general_ci;

--
-- Dumping data for table `staff`
--

INSERT INTO `staff` (`staff_id`, `staff_number`, `staff_name`, `password`, `department`, `session_token`, `last_login`, `created_at`) VALUES
(1, 'REKH2699', 'Prof. Rekha P', 'Pro699', 'Computer Science', 'f65b3e5bac532d4fe1cde312aac5fe2a32a89a4ccccca96c7d8e32140d9fc0e8', '2025-11-13 11:22:07', '2025-11-12 11:42:20'),
(2, 'ARFA2700', 'Prof. Arfa Bhandari', 'Pro700', 'Computer Science', NULL, NULL, '2025-11-12 11:42:20'),
(3, 'HELE2701', 'Prof. Helan', 'Pro701', 'Computer Science', NULL, NULL, '2025-11-13 07:13:29'),
(4, 'ARNA2702', 'Prof. Arnab Tah', 'Pro702', 'Computer Science', NULL, NULL, '2025-11-13 07:13:29'),
(5, 'ANJA2703', 'Prof. Anjana Manoj', 'Pro703', 'Computer Science', NULL, NULL, '2025-11-13 07:13:29'),
(6, 'POSH2704', 'Prof. Poshita', 'Pro704', 'Computer Science', NULL, NULL, '2025-11-13 07:13:29'),
(7, 'NAVY2705', 'Prof. Navya', 'Pro705', 'Computer Science', NULL, NULL, '2025-11-13 07:13:29'),
(8, 'MUFL2706', 'Prof. Mufli Ali', 'Pro706', 'Computer Science', NULL, NULL, '2025-11-13 07:13:29');

-- --------------------------------------------------------

--
-- Table structure for table `students`
--

CREATE TABLE `students` (
  `student_id` int(11) NOT NULL,
  `usn_number` varchar(20) DEFAULT NULL,
  `student_name` varchar(100) NOT NULL,
  `password` varchar(255) NOT NULL,
  `class_id` int(11) DEFAULT NULL,
  `session_token` varchar(255) DEFAULT NULL,
  `last_login` timestamp NULL DEFAULT NULL,
  `created_at` timestamp NOT NULL DEFAULT current_timestamp()
) ENGINE=InnoDB DEFAULT CHARSET=utf8mb4 COLLATE=utf8mb4_general_ci;

--
-- Dumping data for table `students`
--

INSERT INTO `students` (`student_id`, `usn_number`, `student_name`, `password`, `class_id`, `session_token`, `last_login`, `created_at`) VALUES
(1, '1MJ23CS001', 'A LAVANYA', 'Ala001', 1, NULL, NULL, '2025-11-13 07:10:20'),
(2, '1MJ23CS002', 'A S BINUSHA', 'Asb002', 1, NULL, NULL, '2025-11-13 07:10:20'),
(3, '1MJ23CS003', 'AAKANKSHA ANIL KUMAR', 'Aak003', 1, NULL, NULL, '2025-11-13 07:10:20'),
(4, '1MJ23CS004', 'ABDUL TOUHEED', 'Abd004', 1, NULL, NULL, '2025-11-13 07:10:20'),
(5, '1MJ23CS005', 'ABHISHEK A', 'Abh005', 1, NULL, NULL, '2025-11-13 07:10:20'),
(6, '1MJ23CS006', 'ABHISHEK K', 'Abh006', 1, NULL, NULL, '2025-11-13 07:10:20'),
(7, '1MJ23CS007', 'ABHISHEK S S', 'Abh007', 1, NULL, NULL, '2025-11-13 07:10:20'),
(8, '1MJ23CS008', 'ADITYA SURESH APPAGUNDI', 'Adi008', 1, NULL, NULL, '2025-11-13 07:10:20'),
(9, '1MJ23CS009', 'AKASH SURENDRA AINAPUR', 'Aka009', 1, NULL, NULL, '2025-11-13 07:10:20'),
(10, '1MJ23CS010', 'AKSHATA SURESH VITTAPPANAVAR', 'Aks010', 1, NULL, NULL, '2025-11-13 07:10:20'),
(11, '1MJ23CS011', 'AKSHAY H', 'Aks011', 1, NULL, NULL, '2025-11-13 07:10:20'),
(12, '1MJ23CS012', 'ALVIN SONNY', 'Alv012', 1, NULL, '2025-11-13 11:22:13', '2025-11-13 07:10:20'),
(13, '1MJ23CS013', 'AMULYA G GOUDA', 'Amu013', 1, NULL, NULL, '2025-11-13 07:10:20'),
(14, '1MJ23CS014', 'ANAGHASHREE G K', 'Ana014', 1, NULL, NULL, '2025-11-13 07:10:20'),
(15, '1MJ23CS015', 'ANANYA SANJIV', 'Ana015', 1, NULL, NULL, '2025-11-13 07:10:20'),
(16, '1MJ23CS016', 'ANIKETHA H N', 'Ani016', 1, NULL, NULL, '2025-11-13 07:10:20'),
(17, '1MJ23CS017', 'ANKITA CHARAN PAHADI', 'Ank017', 1, NULL, NULL, '2025-11-13 07:10:20'),
(18, '1MJ23CS018', 'ANUSHREE D S', 'Anu018', 1, NULL, NULL, '2025-11-13 07:10:20'),
(19, '1MJ23CS019', 'ARLUR DARSHAN KUMAR', 'Arl019', 1, NULL, NULL, '2025-11-13 07:10:20'),
(20, '1MJ23CS020', 'ARFA KULSUM', 'Arf020', 1, NULL, NULL, '2025-11-13 07:10:20'),
(21, '1MJ23CS021', 'ARJUN SHARMA', 'Arj021', 1, NULL, NULL, '2025-11-13 07:10:20'),
(22, '1MJ23CS022', 'ARUN', 'Aru022', 1, NULL, NULL, '2025-11-13 07:10:20'),
(23, '1MJ23CS024', 'AVIRAJ BHAWRHA', 'Avi024', 1, NULL, NULL, '2025-11-13 07:10:20'),
(24, '1MJ23CS025', 'AYUSH KUMAR', 'Ayu025', 1, NULL, NULL, '2025-11-13 07:10:20'),
(25, '1MJ23CS026', 'BALAJI R', 'Bal026', 1, NULL, NULL, '2025-11-13 07:10:20'),
(26, '1MJ23CS027', 'BAPUGOUDA JALIKATTI', 'Bap027', 1, NULL, NULL, '2025-11-13 07:10:20'),
(27, '1MJ23CS028', 'BASAVARAJ', 'Bas028', 1, NULL, NULL, '2025-11-13 07:10:20'),
(28, '1MJ23CS029', 'BASAVARAJ B', 'Bas029', 1, NULL, NULL, '2025-11-13 07:10:20'),
(29, '1MJ23CS030', 'BHARATH C', 'Bha030', 1, NULL, NULL, '2025-11-13 07:10:20'),
(30, '1MJ23CS031', 'BHARGAVI V R', 'Bha031', 1, NULL, NULL, '2025-11-13 07:10:20'),
(31, '1MJ23CS032', 'BHAVANA D S', 'Bha032', 1, NULL, NULL, '2025-11-13 07:10:20'),
(32, '1MJ23CS033', 'C H CHANDANASHREE', 'Chc033', 1, NULL, NULL, '2025-11-13 07:10:20'),
(33, '1MJ23CS034', 'CHANDAN D P', 'Cha034', 1, NULL, NULL, '2025-11-13 07:10:20'),
(34, '1MJ23CS035', 'CHANNANABASAVA', 'Cha035', 1, NULL, NULL, '2025-11-13 07:10:20'),
(35, '1MJ23CS036', 'CHETHAN KUMAR B S', 'Che036', 1, NULL, NULL, '2025-11-13 07:10:20'),
(36, '1MJ23CS037', 'CHETHANASHREE P', 'Che037', 1, NULL, NULL, '2025-11-13 07:10:20'),
(37, '1MJ23CS038', 'CHIRANTH L', 'Chi038', 1, NULL, NULL, '2025-11-13 07:10:20'),
(38, '1MJ23CS039', 'CHRISTY SHEPHARD', 'Chr039', 1, NULL, NULL, '2025-11-13 07:10:20'),
(39, '1MJ23CS040', 'D MANOHAR', 'Dma040', 1, NULL, NULL, '2025-11-13 07:10:20'),
(40, '1MJ23CS041', 'D NEHA', 'Dne041', 1, NULL, NULL, '2025-11-13 07:10:20'),
(41, '1MJ23CS042', 'DANISH KHAJURIA', 'Dan042', 1, NULL, NULL, '2025-11-13 07:10:20'),
(42, '1MJ23CS043', 'DARSHAN', 'Dar043', 1, NULL, NULL, '2025-11-13 07:10:20'),
(43, '1MJ23CS044', 'DEBADITYA DAS', 'Deb044', 1, NULL, NULL, '2025-11-13 07:10:20'),
(44, '1MJ23CS045', 'DEEKSHITHA A U', 'Dee045', 1, NULL, NULL, '2025-11-13 07:10:20'),
(45, '1MJ23CS046', 'DEEPTI K M', 'Dee046', 1, NULL, NULL, '2025-11-13 07:10:20'),
(46, '1MJ23CS047', 'DEERAJ ASHOK', 'Dee047', 1, NULL, NULL, '2025-11-13 07:10:20'),
(47, '1MJ23CS048', 'DHANUSH D', 'Dha048', 1, NULL, NULL, '2025-11-13 07:10:20'),
(48, '1MJ23CS049', 'DHANUSH JAIN', 'Dha049', 1, NULL, NULL, '2025-11-13 07:10:20'),
(49, '1MJ23CS050', 'DHARSHAN V', 'Dha050', 1, NULL, NULL, '2025-11-13 07:10:20'),
(50, '1MJ23CS051', 'DINESH MANGE', 'Din051', 1, NULL, NULL, '2025-11-13 07:10:20'),
(51, '1MJ23CS052', 'DISHA V O', 'Dis052', 1, NULL, NULL, '2025-11-13 07:10:20'),
(52, '1MJ23CS053', 'E VANDANA', 'Eva053', 1, NULL, NULL, '2025-11-13 07:10:20'),
(53, '1MJ23CS054', 'G M VISHWANATH', 'Gmv054', 1, NULL, NULL, '2025-11-13 07:10:20'),
(54, '1MJ23CS208', 'V PRAJWAL', 'Vpr208', 1, NULL, NULL, '2025-11-13 07:10:20'),
(55, '1MJ23CS900', 'MYTHRI SARAVANA', 'Myt900', 1, NULL, NULL, '2025-11-13 07:10:20'),
(56, '1MJ23CS400', 'ABDULAZIZ MOHAMMED', 'Abd400', 1, NULL, NULL, '2025-11-13 07:10:20'),
(57, '1MJ24CS401', 'ABHISHEK GOUDA', 'Abh401', 1, NULL, NULL, '2025-11-13 07:10:20'),
(58, '1MJ24CS402', 'ABHISHEK POLICE PATIL', 'Abh402', 1, NULL, NULL, '2025-11-13 07:10:20'),
(59, '1MJ24CS404', 'ARPITHA SURESH', 'Arp404', 1, NULL, NULL, '2025-11-13 07:10:20'),
(60, '1MJ24CS405', 'ARYKA K S', 'Ary405', 1, NULL, NULL, '2025-11-13 07:10:20'),
(61, '1MJ24CS406', 'ASHISH GUPTA', 'Ash406', 1, NULL, NULL, '2025-11-13 07:10:20'),
(62, '1MJ24CS407', 'AYESHA SIDDIQA', 'Aye407', 1, NULL, NULL, '2025-11-13 07:10:20'),
(63, '1MJ24CS408', 'BHATI MOHAMMED', 'Bha408', 1, NULL, NULL, '2025-11-13 07:10:20'),
(64, '1MJ24CS409', 'BHAVANA A V', 'Bha409', 1, NULL, NULL, '2025-11-13 07:10:20'),
(65, '1MJ24CS410', 'CHANDAN KUMAR V', 'Cha410', 1, NULL, NULL, '2025-11-13 07:10:20'),
(66, '1MJ24CS411', 'D S VISHESH DHYAN', 'Dsv411', 1, NULL, NULL, '2025-11-13 07:10:20'),
(67, '1MJ24CS412', 'DARSHAN B', 'Dar412', 1, NULL, NULL, '2025-11-13 07:10:20'),
(68, '1MJ24CS413', 'DARSHAN C', 'Dar413', 1, NULL, NULL, '2025-11-13 07:10:20'),
(69, '1MJ23CS055', 'GAAZIL ZAHID', 'Gaa055', 2, NULL, NULL, '2025-11-13 07:10:20'),
(70, '1MJ23CS056', 'GANESH N', 'Gan056', 2, NULL, NULL, '2025-11-13 07:10:20'),
(71, '1MJ23CS057', 'GANESH V', 'Gan057', 2, NULL, NULL, '2025-11-13 07:10:20'),
(72, '1MJ23CS058', 'GANESHA TEJASWI', 'Gan058', 2, NULL, NULL, '2025-11-13 07:10:20'),
(73, '1MJ23CS059', 'GEETHA G S', 'Gee059', 2, NULL, NULL, '2025-11-13 07:10:20'),
(74, '1MJ23CS060', 'ANIKET GORTY', 'Ani060', 2, NULL, NULL, '2025-11-13 07:10:20'),
(75, '1MJ23CS061', 'GOWRI KRISHNAN NAIR', 'Gow061', 2, NULL, NULL, '2025-11-13 07:10:20'),
(76, '1MJ23CS062', 'RISHI', 'Ris062', 2, NULL, NULL, '2025-11-13 07:10:20'),
(77, '1MJ23CS063', 'ANANYA H D', 'Ana063', 2, NULL, NULL, '2025-11-13 07:10:20'),
(78, '1MJ23CS064', 'HANNAH DANIEL', 'Han064', 2, NULL, NULL, '2025-11-13 07:10:20'),
(79, '1MJ23CS065', 'HARSHITA', 'Har065', 2, NULL, NULL, '2025-11-13 07:10:20'),
(80, '1MJ23CS066', 'HARSHITH A', 'Har066', 2, NULL, NULL, '2025-11-13 07:10:20'),
(81, '1MJ23CS067', 'HARSHITHA PRASAD', 'Har067', 2, NULL, NULL, '2025-11-13 07:10:20'),
(82, '1MJ23CS068', 'HARSHITHA Y S', 'Har068', 2, NULL, NULL, '2025-11-13 07:10:20'),
(83, '1MJ23CS069', 'HEMANTH SHIDENUR', 'Hem069', 2, NULL, NULL, '2025-11-13 07:10:20'),
(84, '1MJ23CS070', 'HOLABASU B GANIGER', 'Hol070', 2, NULL, NULL, '2025-11-13 07:10:20'),
(85, '1MJ23CS071', 'HRISHITA DEY PURKAYASTHA', 'Hri071', 2, NULL, NULL, '2025-11-13 07:10:20'),
(86, '1MJ23CS072', 'IRFAN ULLA KHAN', 'Irf072', 2, NULL, NULL, '2025-11-13 07:10:20'),
(87, '1MJ23CS073', 'ISSAC NATHAN P', 'Iss073', 2, NULL, NULL, '2025-11-13 07:10:20'),
(88, '1MJ23CS074', 'ISHWAR P MANDI', 'Ish074', 2, NULL, NULL, '2025-11-13 07:10:20'),
(89, '1MJ23CS075', 'JEEVAN S', 'Jee075', 2, NULL, NULL, '2025-11-13 07:10:20'),
(90, '1MJ23CS076', 'JOHNAZ NADAF', 'Joh076', 2, NULL, NULL, '2025-11-13 07:10:20'),
(91, '1MJ23CS077', 'JEEVITHA', 'Jee077', 2, NULL, NULL, '2025-11-13 07:10:20'),
(92, '1MJ23CS078', 'K SANDEEP', 'K Sa078', 2, NULL, NULL, '2025-11-13 07:10:20'),
(93, '1MJ23CS079', 'KALPASHREE', 'Kal079', 2, NULL, NULL, '2025-11-13 07:10:20'),
(94, '1MJ23CS081', 'KEETHANA G', 'Kee081', 2, NULL, NULL, '2025-11-13 07:10:20'),
(95, '1MJ23CS082', 'KEERTHI VASAN V Y', 'Kee082', 2, NULL, NULL, '2025-11-13 07:10:20'),
(96, '1MJ23CS083', 'KHANAK JUTTIYAVAR', 'Kha083', 2, NULL, NULL, '2025-11-13 07:10:20'),
(97, '1MJ23CS084', 'KHUSHI SHARMA', 'Khu084', 2, NULL, NULL, '2025-11-13 07:10:20'),
(98, '1MJ23CS085', 'KIRAN RAJA N', 'Kir085', 2, NULL, NULL, '2025-11-13 07:10:20'),
(99, '1MJ23CS086', 'KRISH SHARMA', 'Kri086', 2, NULL, NULL, '2025-11-13 07:10:20'),
(100, '1MJ23CS087', 'KRUTHI S N', 'Kru087', 2, NULL, NULL, '2025-11-13 07:10:20'),
(101, '1MJ23CS088', 'KUSUM R', 'Kus088', 2, NULL, NULL, '2025-11-13 07:10:20'),
(102, '1MJ23CS089', 'LAKSHMESH B C', 'Lak089', 2, NULL, NULL, '2025-11-13 07:10:20'),
(103, '1MJ23CS090', 'LAKSHMI N', 'Lak090', 2, NULL, NULL, '2025-11-13 07:10:20'),
(104, '1MJ23CS091', 'LATHA C R', 'Lat091', 2, NULL, NULL, '2025-11-13 07:10:20'),
(105, '1MJ23CS092', 'LAVANYA', 'Lav092', 2, NULL, NULL, '2025-11-13 07:10:20'),
(106, '1MJ23CS093', 'LOKESH M', 'Lok093', 2, NULL, NULL, '2025-11-13 07:10:20'),
(107, '1MJ23CS094', 'MAHADEV', 'Mah094', 2, NULL, NULL, '2025-11-13 07:10:20'),
(108, '1MJ23CS095', 'MAITHRI R C', 'Mai095', 2, NULL, NULL, '2025-11-13 07:10:20'),
(109, '1MJ23CS096', 'MANASVI SUTAR', 'Man096', 2, NULL, NULL, '2025-11-13 07:10:20'),
(110, '1MJ23CS097', 'MANASVINI B V', 'Man097', 2, NULL, NULL, '2025-11-13 07:10:20'),
(111, '1MJ23CS098', 'MANDLE NAVDEEP YADAV', 'Man098', 2, NULL, NULL, '2025-11-13 07:10:20'),
(112, '1MJ23CS099', 'MANEET B', 'Man099', 2, NULL, NULL, '2025-11-13 07:10:20'),
(113, '1MJ23CS100', 'MANJUNATH M', 'Man100', 2, NULL, NULL, '2025-11-13 07:10:20'),
(114, '1MJ23CS101', 'MANJUNATH L', 'Man101', 2, NULL, NULL, '2025-11-13 07:10:20'),
(115, '1MJ23CS102', 'MANOGNA GOWDA', 'Man102', 2, NULL, NULL, '2025-11-13 07:10:20'),
(116, '1MJ23CS103', 'MANOHAR PRASAD', 'Man103', 2, NULL, NULL, '2025-11-13 07:10:20'),
(117, '1MJ23CS104', 'MANOHARA M', 'Man104', 2, NULL, NULL, '2025-11-13 07:10:20'),
(118, '1MJ23CS209', 'MEGHA M V', 'Meg209', 2, NULL, NULL, '2025-11-13 07:10:20'),
(119, '1MJ23CS210', 'SHUBHAM SHARMA', 'Shu210', 2, NULL, NULL, '2025-11-13 07:10:20'),
(120, '1MJ23CS211', 'SRUSHTI A', 'Sru211', 2, NULL, NULL, '2025-11-13 07:10:20'),
(121, '1MJ23CS212', 'ANWIN TOM REJI', 'Anw212', 2, NULL, NULL, '2025-11-13 07:10:20'),
(122, '1MJ23CS213', 'SANKET M HEGADE', 'San213', 2, NULL, NULL, '2025-11-13 07:10:20'),
(123, '1MJ23CS214', 'VYSHU N', 'Vys214', 2, NULL, NULL, '2025-11-13 07:10:20'),
(124, '1MJ24CS415', 'DOSHI SAYALI', 'Dos415', 2, NULL, NULL, '2025-11-13 07:10:20'),
(125, '1MJ24CS416', 'HARISH R', 'Har416', 2, NULL, NULL, '2025-11-13 07:10:20'),
(126, '1MJ24CS417', 'KEERTHI S Y', 'Kee417', 2, NULL, NULL, '2025-11-13 07:10:20'),
(127, '1MJ24CS418', 'ABDUL RAB SIDDIQUI', 'Abd418', 2, NULL, NULL, '2025-11-13 07:10:20'),
(128, '1MJ24CS419', 'KISHORE R', 'Kis419', 2, NULL, NULL, '2025-11-13 07:10:20'),
(129, '1MJ24CS420', 'KOTRESH K N', 'Kot420', 2, NULL, NULL, '2025-11-13 07:10:20'),
(130, '1MJ24CS421', 'KRUTHIKA R N', 'Kru421', 2, NULL, NULL, '2025-11-13 07:10:20'),
(131, '1MJ24CS422', 'KULSUM FATHIMA', 'Kul422', 2, NULL, NULL, '2025-11-13 07:10:20'),
(132, '1MJ24CS424', 'MALLIKARJUN HIREMATH', 'Mal424', 2, NULL, NULL, '2025-11-13 07:10:20'),
(133, '1MJ24CS425', 'MANJUNATH B GOGI', 'Man425', 2, NULL, NULL, '2025-11-13 07:10:20'),
(134, '1MJ24CS426', 'MAYUR', 'May426', 2, NULL, NULL, '2025-11-13 07:10:20'),
(135, '1MJ24CS427', 'MEHEK TAJ', 'Meh427', 2, NULL, NULL, '2025-11-13 07:10:20'),
(136, '1MJ24CS428', 'AWAIZ BAIZ', 'Awa428', 2, NULL, NULL, '2025-11-13 07:10:20'),
(137, '1MJ24CS429', 'MRUTHYUNJAY B K', 'Mru429', 2, NULL, NULL, '2025-11-13 07:10:20'),
(138, '1MJ24CS452', 'TAMANNA M', 'Tam452', 2, NULL, NULL, '2025-11-13 07:10:20'),
(139, '1MJ23CS106', 'MANUSHREE MAHESH NANDIHAL', 'Man106', 3, NULL, NULL, '2025-11-13 07:10:20'),
(140, '1MJ23CS107', 'MANVITH B M', 'Man107', 3, NULL, NULL, '2025-11-13 07:10:20'),
(141, '1MJ23CS108', 'MANYA U', 'Man108', 3, NULL, NULL, '2025-11-13 07:10:20'),
(142, '1MJ23CS109', 'MASSIL NISSAR', 'Mas109', 3, NULL, NULL, '2025-11-13 07:10:20'),
(143, '1MJ23CS110', 'MD NADEEM', 'MD N110', 3, NULL, NULL, '2025-11-13 07:10:20'),
(144, '1MJ23CS111', 'MOHAMMED RAHIL RAFEEK', 'Moh111', 3, NULL, NULL, '2025-11-13 07:10:20'),
(145, '1MJ23CS112', 'MOHAN GOWDA M', 'Moh112', 3, NULL, NULL, '2025-11-13 07:10:20'),
(146, '1MJ23CS113', 'MOHAN V', 'Moh113', 3, NULL, NULL, '2025-11-13 07:10:20'),
(147, '1MJ23CS114', 'MONIKA R', 'Mon114', 3, NULL, NULL, '2025-11-13 07:10:20'),
(148, '1MJ23CS115', 'MUKESH MADAWAT', 'Muk115', 3, NULL, NULL, '2025-11-13 07:10:20'),
(149, '1MJ23CS116', 'MUSSARRAT KITTUR', 'Mus116', 3, NULL, NULL, '2025-11-13 07:10:20'),
(150, '1MJ23CS117', 'NAGASHREE AVADHANI', 'Nag117', 3, NULL, NULL, '2025-11-13 07:10:20'),
(151, '1MJ23CS118', 'NAKSHATRA', 'Nak118', 3, NULL, NULL, '2025-11-13 07:10:20'),
(152, '1MJ23CS119', 'NANI N', 'Nan119', 3, NULL, NULL, '2025-11-13 07:10:20'),
(153, '1MJ23CS120', 'NAVEENA C A', 'Nav120', 3, NULL, NULL, '2025-11-13 07:10:20'),
(154, '1MJ23CS121', 'NAYAN JAIN', 'Nay121', 3, NULL, NULL, '2025-11-13 07:10:20'),
(155, '1MJ23CS122', 'NAYANA S', 'Nay122', 3, NULL, NULL, '2025-11-13 07:10:20'),
(156, '1MJ23CS123', 'NEETHU REDDY P', 'Nee123', 3, NULL, NULL, '2025-11-13 07:10:20'),
(157, '1MJ23CS124', 'NEHA DEEPAK MALI', 'Neh124', 3, NULL, NULL, '2025-11-13 07:10:20'),
(158, '1MJ23CS126', 'NIKITHA G M', 'Nik126', 3, NULL, NULL, '2025-11-13 07:10:20'),
(159, '1MJ23CS127', 'NISHA N', 'Nis127', 3, NULL, NULL, '2025-11-13 07:10:20'),
(160, '1MJ23CS128', 'PALLAVI R', 'Pal128', 3, NULL, NULL, '2025-11-13 07:10:20'),
(161, '1MJ23CS129', 'PAVAN KUMAR S H', 'Pav129', 3, NULL, NULL, '2025-11-13 07:10:20'),
(162, '1MJ23CS130', 'PAVANI S', 'Pav130', 3, NULL, NULL, '2025-11-13 07:10:20'),
(163, '1MJ23CS131', 'POOJA SINGH G', 'Poo131', 3, NULL, NULL, '2025-11-13 07:10:20'),
(164, '1MJ23CS132', 'POORVIETHA R', 'Poo132', 3, NULL, NULL, '2025-11-13 07:10:20'),
(165, '1MJ23CS133', 'PRABJYOT SINGH', 'Pra133', 3, NULL, NULL, '2025-11-13 07:10:20'),
(166, '1MJ23CS134', 'PRAJWAL PUNDALIK MANGAJI', 'Pra134', 3, NULL, NULL, '2025-11-13 07:10:20'),
(167, '1MJ23CS135', 'PRAKRUTHI S', 'Pra135', 3, NULL, NULL, '2025-11-13 07:10:20'),
(168, '1MJ23CS136', 'PRASANNA RAJENDRAN', 'Pra136', 3, NULL, NULL, '2025-11-13 07:10:20'),
(169, '1MJ23CS137', 'PRATHAM SACHIN KHAIRMODE', 'Pra137', 3, NULL, NULL, '2025-11-13 07:10:20'),
(170, '1MJ23CS138', 'PUJARI JAYA SAI', 'Puj138', 3, NULL, NULL, '2025-11-13 07:10:20'),
(171, '1MJ23CS139', 'R NIRANJAN', 'R Ni139', 3, NULL, NULL, '2025-11-13 07:10:20'),
(172, '1MJ23CS140', 'R V LEHENYA', 'R V140', 3, NULL, NULL, '2025-11-13 07:10:20'),
(173, '1MJ23CS141', 'RAAGAV KRISHNAN', 'Raa141', 3, NULL, NULL, '2025-11-13 07:10:20'),
(174, '1MJ23CS142', 'RACHITHA V', 'Rac142', 3, NULL, NULL, '2025-11-13 07:10:20'),
(175, '1MJ23CS143', 'RAGHAVENDRA', 'Rag143', 3, NULL, NULL, '2025-11-13 07:10:20'),
(176, '1MJ23CS144', 'RAGHAVENDRA S', 'Rag144', 3, NULL, NULL, '2025-11-13 07:10:20'),
(177, '1MJ23CS145', 'RAHUL S', 'Rah145', 3, NULL, NULL, '2025-11-13 07:10:20'),
(178, '1MJ23CS146', 'RAKSHITA M SHETTI', 'Rak146', 3, NULL, NULL, '2025-11-13 07:10:20'),
(179, '1MJ23CS147', 'RAKSHITHA JM', 'Rak147', 3, NULL, NULL, '2025-11-13 07:10:20'),
(180, '1MJ23CS148', 'RAKSHITHA N', 'Rak148', 3, NULL, NULL, '2025-11-13 07:10:20'),
(181, '1MJ23CS149', 'RAKSHITHA TEJA REDDY', 'Rak149', 3, NULL, NULL, '2025-11-13 07:10:20'),
(182, '1MJ23CS150', 'RANA BISWAS', 'Ran150', 3, NULL, NULL, '2025-11-13 07:10:20'),
(183, '1MJ23CS152', 'RINNAH JOHN', 'Rin152', 3, NULL, NULL, '2025-11-13 07:10:20'),
(184, '1MJ23CS153', 'ROHIT MOHAN', 'Roh153', 3, NULL, NULL, '2025-11-13 07:10:20'),
(185, '1MJ23CS154', 'ROHIT PADARA', 'Roh154', 3, NULL, NULL, '2025-11-13 07:10:20'),
(186, '1MJ23CS156', 'S MANOJ KUMAR', 'S Ma156', 3, NULL, NULL, '2025-11-13 07:10:20'),
(187, '1MJ23CS215', 'A K RENU', 'A K215', 3, NULL, NULL, '2025-11-13 07:10:20'),
(188, '1MJ23CS216', 'RITESH BATAKURKI', 'Rit216', 3, NULL, NULL, '2025-11-13 07:10:20'),
(189, '1MJ23CS217', 'LAKSHMI N', 'Lak217', 3, NULL, NULL, '2025-11-13 07:10:20'),
(190, '1MJ23CS218', 'RAHUL BS', 'Rah218', 3, NULL, NULL, '2025-11-13 07:10:20'),
(191, '1MJ24CS423', 'MAHATEJASWI', 'Mah423', 3, NULL, NULL, '2025-11-13 07:10:20'),
(192, '1MJ24CS430', 'NAKUL', 'Nak430', 3, NULL, NULL, '2025-11-13 07:10:20'),
(193, '1MJ24CS431', 'NITHIN AIHOLE', 'Nit431', 3, NULL, NULL, '2025-11-13 07:10:20'),
(194, '1MJ24CS432', 'OMKAR SHARAD VERNEKAR', 'Omk432', 3, NULL, NULL, '2025-11-13 07:10:20'),
(195, '1MJ24CS433', 'PALLAVI N PEJOLLI', 'Pal433', 3, NULL, NULL, '2025-11-13 07:10:20'),
(196, '1MJ24CS434', 'PAVAN KUMAR ITEKAR', 'Pav434', 3, NULL, NULL, '2025-11-13 07:10:20'),
(197, '1MJ24CS435', 'PAVAN NITESH', 'Pav435', 3, NULL, NULL, '2025-11-13 07:10:20'),
(198, '1MJ24CS436', 'PREETAM KULKARNI', 'Pre436', 3, NULL, NULL, '2025-11-13 07:10:20'),
(199, '1MJ24CS437', 'PRIYANKA S SHELLIGERI', 'Pri437', 3, NULL, NULL, '2025-11-13 07:10:20'),
(200, '1MJ24CS438', 'PRIYANSHU PAUL', 'Pri438', 3, NULL, NULL, '2025-11-13 07:10:20'),
(201, '1MJ24CS439', 'PRUTHVI N GOWDA', 'Pru439', 3, NULL, NULL, '2025-11-13 07:10:20'),
(202, '1MJ24CS440', 'RADHIKA METAGAR', 'Rad440', 3, NULL, NULL, '2025-11-13 07:10:20'),
(203, '1MJ24CS441', 'SACHIN V SAGARNAL', 'Sac441', 3, NULL, NULL, '2025-11-13 07:10:20'),
(204, '1MJ24CS442', 'SAEED SHAIKH', 'Sae442', 3, NULL, NULL, '2025-11-13 07:10:20'),
(205, '1MJ24CS443', 'SANTOSHA D', 'San443', 3, NULL, NULL, '2025-11-13 07:10:20'),
(206, '1MJ24CS453', 'TARUN S', 'Tar453', 3, NULL, NULL, '2025-11-13 07:10:20'),
(207, '1MJ23CS157', 'S MRIGNAYA SRI', 'S Mr157', 4, NULL, NULL, '2025-11-13 07:10:20'),
(208, '1MJ23CS158', 'S NAREN KUMAR', 'S Na158', 4, NULL, NULL, '2025-11-13 07:10:20'),
(209, '1MJ23CS159', 'S PAVAN', 'S Pa159', 4, NULL, NULL, '2025-11-13 07:10:20'),
(210, '1MJ23CS160', 'SACHIN KUMAR PATEL', 'Sac160', 4, NULL, NULL, '2025-11-13 07:10:20'),
(211, '1MJ23CS161', 'JAYASIMHA REDDY K', 'Jay161', 4, NULL, NULL, '2025-11-13 07:10:20'),
(212, '1MJ23CS162', 'ANOOP V', 'Ano162', 4, NULL, NULL, '2025-11-13 07:10:20'),
(213, '1MJ23CS163', 'SATYAM', 'Sat163', 4, NULL, NULL, '2025-11-13 07:10:20'),
(214, '1MJ23CS164', 'SANTOSH VARMA', 'San164', 4, NULL, NULL, '2025-11-13 07:10:20'),
(215, '1MJ23CS165', 'SAPTAPARNO GHOSH', 'Sap165', 4, NULL, NULL, '2025-11-13 07:10:20'),
(216, '1MJ23CS168', 'SHAILA P B', 'Sha168', 4, NULL, NULL, '2025-11-13 07:10:20'),
(217, '1MJ23CS169', 'SHALINI KANNAN', 'Sha169', 4, NULL, NULL, '2025-11-13 07:10:20'),
(218, '1MJ23CS170', 'SHABISTA SEHAR', 'Sha170', 4, NULL, NULL, '2025-11-13 07:10:20'),
(219, '1MJ23CS171', 'SHARAN KUMAR R', 'Sha171', 4, NULL, NULL, '2025-11-13 07:10:20'),
(220, '1MJ23CS172', 'SHRUSTI G', 'Shr172', 4, NULL, NULL, '2025-11-13 07:10:20'),
(221, '1MJ23CS173', 'SHASHANK J', 'Sha173', 4, NULL, NULL, '2025-11-13 07:10:20'),
(222, '1MJ23CS174', 'SHILPA A P', 'Shi174', 4, NULL, NULL, '2025-11-13 07:10:20'),
(223, '1MJ23CS175', 'SHRAVAN RAMAKUNJA', 'Shr175', 4, NULL, NULL, '2025-11-13 07:10:20'),
(224, '1MJ23CS176', 'SHREERAKSHA', 'Shr176', 4, NULL, NULL, '2025-11-13 07:10:20'),
(225, '1MJ23CS177', 'SHREYAS V', 'Shr177', 4, NULL, NULL, '2025-11-13 07:10:20'),
(226, '1MJ23CS183', 'SINCHANA', 'Sin183', 4, NULL, NULL, '2025-11-13 07:10:20'),
(227, '1MJ23CS184', 'SINCHANA S D', 'Sin184', 4, NULL, NULL, '2025-11-13 07:10:20'),
(228, '1MJ23CS185', 'SOUJANYA', 'Sou185', 4, NULL, NULL, '2025-11-13 07:10:20'),
(229, '1MJ23CS186', 'SRUJAN', 'Sru186', 4, NULL, NULL, '2025-11-13 07:10:20'),
(230, '1MJ23CS187', 'SUJAY', 'Suj187', 4, NULL, NULL, '2025-11-13 07:10:20'),
(231, '1MJ23CS188', 'SUKANYA', 'Suk188', 4, NULL, NULL, '2025-11-13 07:10:20'),
(232, '1MJ23CS189', 'SUPREET K', 'Sup189', 4, NULL, NULL, '2025-11-13 07:10:20'),
(233, '1MJ23CS190', 'SHRISHAIL H', 'Shr190', 4, NULL, NULL, '2025-11-13 07:10:20'),
(234, '1MJ23CS191', 'SHUBHAM SHARMA', 'Shu191', 4, NULL, NULL, '2025-11-13 07:10:20'),
(235, '1MJ23CS192', 'SIDDAJI', 'Sid192', 4, NULL, NULL, '2025-11-13 07:10:20'),
(236, '1MJ23CS193', 'THARUN KUMAR V R', 'Tha193', 4, NULL, NULL, '2025-11-13 07:10:20'),
(237, '1MJ23CS194', 'UDAY SHARMA', 'Uda194', 4, NULL, NULL, '2025-11-13 07:10:20'),
(238, '1MJ23CS195', 'UJJAWALA R SINGH', 'Ujj195', 4, NULL, NULL, '2025-11-13 07:10:20'),
(239, '1MJ23CS196', 'V NIVETHA', 'V Ni196', 4, NULL, NULL, '2025-11-13 07:10:20'),
(240, '1MJ23CS197', 'VANDANA LY', 'Van197', 4, NULL, NULL, '2025-11-13 07:10:20'),
(241, '1MJ23CS198', 'VARSHA NAIK', 'Var198', 4, NULL, NULL, '2025-11-13 07:10:20'),
(242, '1MJ23CS199', 'VIBHA GS', 'Vib199', 4, NULL, NULL, '2025-11-13 07:10:20'),
(243, '1MJ23CS200', 'VIGNESH SHETTY', 'Vig200', 4, NULL, NULL, '2025-11-13 07:10:20'),
(244, '1MJ23CS201', 'VIKAS BENNUR', 'Vik201', 4, NULL, NULL, '2025-11-13 07:10:20'),
(245, '1MJ23CS202', 'VIKAS S REDDY', 'Vik202', 4, NULL, NULL, '2025-11-13 07:10:20'),
(246, '1MJ23CS203', 'VINUTHA YM', 'Vin203', 4, NULL, NULL, '2025-11-13 07:10:20'),
(247, '1MJ23CS204', 'TARUN E', 'Tar204', 4, NULL, NULL, '2025-11-13 07:10:20'),
(248, '1MJ23CS205', 'VISHWARADYA', 'Vis205', 4, NULL, NULL, '2025-11-13 07:10:20'),
(249, '1MJ23CS206', 'YAMUNA H S', 'Yam206', 4, NULL, NULL, '2025-11-13 07:10:20'),
(250, '1MJ23CS207', 'YASHAS REDDY T S', 'Yas207', 4, NULL, NULL, '2025-11-13 07:10:20'),
(251, '1MJ23CS221', 'VISHAL B S', 'Vis221', 4, NULL, NULL, '2025-11-13 07:10:20'),
(252, '1MJ23CS223', 'SHASHI KUMAR B V', 'Sha223', 4, NULL, NULL, '2025-11-13 07:10:20'),
(253, '1MJ23CS224', 'P ROHIT', 'P Ro224', 4, NULL, NULL, '2025-11-13 07:10:20'),
(254, '1MJ24CS444', 'SANTOSHAKUMAR K', 'San444', 4, NULL, NULL, '2025-11-13 07:10:20'),
(255, '1MJ24CS445', 'SARTHAK PAI', 'Sar445', 4, NULL, NULL, '2025-11-13 07:10:20'),
(256, '1MJ24CS446', 'SHARAN R B', 'Sha446', 4, NULL, NULL, '2025-11-13 07:10:20'),
(257, '1MJ24CS447', 'SHIVSAIGANESH', 'Shi447', 4, NULL, NULL, '2025-11-13 07:10:20'),
(258, '1MJ24CS448', 'SOWMYA G', 'Sow448', 4, NULL, NULL, '2025-11-13 07:10:20'),
(259, '1MJ24CS449', 'SPURTI DHANYAKUMAR PATIL', 'Spu449', 4, NULL, NULL, '2025-11-13 07:10:20'),
(260, '1MJ24CS450', 'SRINIVASAN U', 'Sri450', 4, NULL, NULL, '2025-11-13 07:10:20'),
(261, '1MJ24CS451', 'SURYA R', 'Sur451', 4, NULL, NULL, '2025-11-13 07:10:20'),
(262, '1MJ24CS454', 'VARSHA SALLY A', 'Var454', 4, NULL, NULL, '2025-11-13 07:10:20'),
(263, '1MJ24CS455', 'VINAY KUMAR REDDY', 'Vin455', 4, NULL, NULL, '2025-11-13 07:10:20'),
(264, '1MJ24CS456', 'Y CHARAN', 'Y Ch456', 4, NULL, NULL, '2025-11-13 07:10:20'),
(265, '1MJ24CS457', 'Y RAJENDRA', 'Y Ra457', 4, NULL, NULL, '2025-11-13 07:10:20'),
(266, '1MJ24CS458', 'YASHASHWINI V S', 'Yas458', 4, NULL, NULL, '2025-11-13 07:10:20');

-- --------------------------------------------------------

--
-- Stand-in structure for view `student_attendance_summary`
-- (See below for the actual view)
--
CREATE TABLE `student_attendance_summary` (
`student_id` int(11)
,`usn_number` varchar(20)
,`student_name` varchar(100)
,`class_id` int(11)
,`subject_id` int(11)
,`subject_name` varchar(100)
,`subject_code` varchar(20)
,`total_sessions` bigint(21)
,`attended_sessions` bigint(21)
,`attendance_percentage` decimal(26,2)
);

-- --------------------------------------------------------

--
-- Table structure for table `student_subjects`
--

CREATE TABLE `student_subjects` (
  `mapping_id` int(11) NOT NULL,
  `student_id` int(11) NOT NULL,
  `subject_id` int(11) NOT NULL,
  `enrollment_date` timestamp NOT NULL DEFAULT current_timestamp()
) ENGINE=InnoDB DEFAULT CHARSET=utf8mb4 COLLATE=utf8mb4_general_ci;

--
-- Dumping data for table `student_subjects`
--

INSERT INTO `student_subjects` (`mapping_id`, `student_id`, `subject_id`, `enrollment_date`) VALUES
(1, 1, 4, '2025-11-13 11:07:09'),
(2, 1, 2, '2025-11-13 11:07:09'),
(3, 1, 9, '2025-11-13 11:07:09'),
(4, 1, 10, '2025-11-13 11:07:09'),
(5, 1, 6, '2025-11-13 11:07:09'),
(6, 1, 8, '2025-11-13 11:07:09'),
(7, 1, 7, '2025-11-13 11:07:09'),
(8, 1, 5, '2025-11-13 11:07:09'),
(9, 1, 1, '2025-11-13 11:07:09'),
(10, 1, 3, '2025-11-13 11:07:09'),
(11, 2, 4, '2025-11-13 11:07:09'),
(12, 2, 2, '2025-11-13 11:07:09'),
(13, 2, 9, '2025-11-13 11:07:09'),
(14, 2, 10, '2025-11-13 11:07:09'),
(15, 2, 6, '2025-11-13 11:07:09'),
(16, 2, 8, '2025-11-13 11:07:09'),
(17, 2, 7, '2025-11-13 11:07:09'),
(18, 2, 5, '2025-11-13 11:07:09'),
(19, 2, 1, '2025-11-13 11:07:09'),
(20, 2, 3, '2025-11-13 11:07:09'),
(21, 3, 4, '2025-11-13 11:07:09'),
(22, 3, 2, '2025-11-13 11:07:09'),
(23, 3, 9, '2025-11-13 11:07:09'),
(24, 3, 10, '2025-11-13 11:07:09'),
(25, 3, 6, '2025-11-13 11:07:09'),
(26, 3, 8, '2025-11-13 11:07:09'),
(27, 3, 7, '2025-11-13 11:07:09'),
(28, 3, 5, '2025-11-13 11:07:09'),
(29, 3, 1, '2025-11-13 11:07:09'),
(30, 3, 3, '2025-11-13 11:07:09'),
(31, 4, 4, '2025-11-13 11:07:09'),
(32, 4, 2, '2025-11-13 11:07:09'),
(33, 4, 9, '2025-11-13 11:07:09'),
(34, 4, 10, '2025-11-13 11:07:09'),
(35, 4, 6, '2025-11-13 11:07:09'),
(36, 4, 8, '2025-11-13 11:07:09'),
(37, 4, 7, '2025-11-13 11:07:09'),
(38, 4, 5, '2025-11-13 11:07:09'),
(39, 4, 1, '2025-11-13 11:07:09'),
(40, 4, 3, '2025-11-13 11:07:09'),
(41, 5, 4, '2025-11-13 11:07:09'),
(42, 5, 2, '2025-11-13 11:07:09'),
(43, 5, 9, '2025-11-13 11:07:09'),
(44, 5, 10, '2025-11-13 11:07:09'),
(45, 5, 6, '2025-11-13 11:07:09'),
(46, 5, 8, '2025-11-13 11:07:09'),
(47, 5, 7, '2025-11-13 11:07:09'),
(48, 5, 5, '2025-11-13 11:07:09'),
(49, 5, 1, '2025-11-13 11:07:09'),
(50, 5, 3, '2025-11-13 11:07:09'),
(51, 6, 4, '2025-11-13 11:07:09'),
(52, 6, 2, '2025-11-13 11:07:09'),
(53, 6, 9, '2025-11-13 11:07:09'),
(54, 6, 10, '2025-11-13 11:07:09'),
(55, 6, 6, '2025-11-13 11:07:09'),
(56, 6, 8, '2025-11-13 11:07:09'),
(57, 6, 7, '2025-11-13 11:07:09'),
(58, 6, 5, '2025-11-13 11:07:09'),
(59, 6, 1, '2025-11-13 11:07:09'),
(60, 6, 3, '2025-11-13 11:07:09'),
(61, 7, 4, '2025-11-13 11:07:09'),
(62, 7, 2, '2025-11-13 11:07:09'),
(63, 7, 9, '2025-11-13 11:07:09'),
(64, 7, 10, '2025-11-13 11:07:09'),
(65, 7, 6, '2025-11-13 11:07:09'),
(66, 7, 8, '2025-11-13 11:07:09'),
(67, 7, 7, '2025-11-13 11:07:09'),
(68, 7, 5, '2025-11-13 11:07:09'),
(69, 7, 1, '2025-11-13 11:07:09'),
(70, 7, 3, '2025-11-13 11:07:09'),
(71, 8, 4, '2025-11-13 11:07:09'),
(72, 8, 2, '2025-11-13 11:07:09'),
(73, 8, 9, '2025-11-13 11:07:09'),
(74, 8, 10, '2025-11-13 11:07:09'),
(75, 8, 6, '2025-11-13 11:07:09'),
(76, 8, 8, '2025-11-13 11:07:09'),
(77, 8, 7, '2025-11-13 11:07:09'),
(78, 8, 5, '2025-11-13 11:07:09'),
(79, 8, 1, '2025-11-13 11:07:09'),
(80, 8, 3, '2025-11-13 11:07:09'),
(81, 9, 4, '2025-11-13 11:07:09'),
(82, 9, 2, '2025-11-13 11:07:09'),
(83, 9, 9, '2025-11-13 11:07:09'),
(84, 9, 10, '2025-11-13 11:07:09'),
(85, 9, 6, '2025-11-13 11:07:09'),
(86, 9, 8, '2025-11-13 11:07:09'),
(87, 9, 7, '2025-11-13 11:07:09'),
(88, 9, 5, '2025-11-13 11:07:09'),
(89, 9, 1, '2025-11-13 11:07:09'),
(90, 9, 3, '2025-11-13 11:07:09'),
(91, 10, 4, '2025-11-13 11:07:09'),
(92, 10, 2, '2025-11-13 11:07:09'),
(93, 10, 9, '2025-11-13 11:07:09'),
(94, 10, 10, '2025-11-13 11:07:09'),
(95, 10, 6, '2025-11-13 11:07:09'),
(96, 10, 8, '2025-11-13 11:07:09'),
(97, 10, 7, '2025-11-13 11:07:09'),
(98, 10, 5, '2025-11-13 11:07:09'),
(99, 10, 1, '2025-11-13 11:07:09'),
(100, 10, 3, '2025-11-13 11:07:09'),
(101, 11, 4, '2025-11-13 11:07:09'),
(102, 11, 2, '2025-11-13 11:07:09'),
(103, 11, 9, '2025-11-13 11:07:09'),
(104, 11, 10, '2025-11-13 11:07:09'),
(105, 11, 6, '2025-11-13 11:07:09'),
(106, 11, 8, '2025-11-13 11:07:09'),
(107, 11, 7, '2025-11-13 11:07:09'),
(108, 11, 5, '2025-11-13 11:07:09'),
(109, 11, 1, '2025-11-13 11:07:09'),
(110, 11, 3, '2025-11-13 11:07:09'),
(111, 12, 4, '2025-11-13 11:07:09'),
(112, 12, 2, '2025-11-13 11:07:09'),
(113, 12, 9, '2025-11-13 11:07:09'),
(114, 12, 10, '2025-11-13 11:07:09'),
(115, 12, 6, '2025-11-13 11:07:09'),
(116, 12, 8, '2025-11-13 11:07:09'),
(117, 12, 7, '2025-11-13 11:07:09'),
(118, 12, 5, '2025-11-13 11:07:09'),
(119, 12, 1, '2025-11-13 11:07:09'),
(120, 12, 3, '2025-11-13 11:07:09'),
(121, 13, 4, '2025-11-13 11:07:09'),
(122, 13, 2, '2025-11-13 11:07:09'),
(123, 13, 9, '2025-11-13 11:07:09'),
(124, 13, 10, '2025-11-13 11:07:09'),
(125, 13, 6, '2025-11-13 11:07:09'),
(126, 13, 8, '2025-11-13 11:07:09'),
(127, 13, 7, '2025-11-13 11:07:09'),
(128, 13, 5, '2025-11-13 11:07:09'),
(129, 13, 1, '2025-11-13 11:07:09'),
(130, 13, 3, '2025-11-13 11:07:09'),
(131, 14, 4, '2025-11-13 11:07:09'),
(132, 14, 2, '2025-11-13 11:07:09'),
(133, 14, 9, '2025-11-13 11:07:09'),
(134, 14, 10, '2025-11-13 11:07:09'),
(135, 14, 6, '2025-11-13 11:07:09'),
(136, 14, 8, '2025-11-13 11:07:09'),
(137, 14, 7, '2025-11-13 11:07:09'),
(138, 14, 5, '2025-11-13 11:07:09'),
(139, 14, 1, '2025-11-13 11:07:09'),
(140, 14, 3, '2025-11-13 11:07:09'),
(141, 15, 4, '2025-11-13 11:07:09'),
(142, 15, 2, '2025-11-13 11:07:09'),
(143, 15, 9, '2025-11-13 11:07:09'),
(144, 15, 10, '2025-11-13 11:07:09'),
(145, 15, 6, '2025-11-13 11:07:09'),
(146, 15, 8, '2025-11-13 11:07:09'),
(147, 15, 7, '2025-11-13 11:07:09'),
(148, 15, 5, '2025-11-13 11:07:09'),
(149, 15, 1, '2025-11-13 11:07:09'),
(150, 15, 3, '2025-11-13 11:07:09'),
(151, 16, 4, '2025-11-13 11:07:09'),
(152, 16, 2, '2025-11-13 11:07:09'),
(153, 16, 9, '2025-11-13 11:07:09'),
(154, 16, 10, '2025-11-13 11:07:09'),
(155, 16, 6, '2025-11-13 11:07:09'),
(156, 16, 8, '2025-11-13 11:07:09'),
(157, 16, 7, '2025-11-13 11:07:09'),
(158, 16, 5, '2025-11-13 11:07:09'),
(159, 16, 1, '2025-11-13 11:07:09'),
(160, 16, 3, '2025-11-13 11:07:09'),
(161, 17, 4, '2025-11-13 11:07:09'),
(162, 17, 2, '2025-11-13 11:07:09'),
(163, 17, 9, '2025-11-13 11:07:09'),
(164, 17, 10, '2025-11-13 11:07:09'),
(165, 17, 6, '2025-11-13 11:07:09'),
(166, 17, 8, '2025-11-13 11:07:09'),
(167, 17, 7, '2025-11-13 11:07:09'),
(168, 17, 5, '2025-11-13 11:07:09'),
(169, 17, 1, '2025-11-13 11:07:09'),
(170, 17, 3, '2025-11-13 11:07:09'),
(171, 18, 4, '2025-11-13 11:07:09'),
(172, 18, 2, '2025-11-13 11:07:09'),
(173, 18, 9, '2025-11-13 11:07:09'),
(174, 18, 10, '2025-11-13 11:07:09'),
(175, 18, 6, '2025-11-13 11:07:09'),
(176, 18, 8, '2025-11-13 11:07:09'),
(177, 18, 7, '2025-11-13 11:07:09'),
(178, 18, 5, '2025-11-13 11:07:09'),
(179, 18, 1, '2025-11-13 11:07:09'),
(180, 18, 3, '2025-11-13 11:07:09'),
(181, 19, 4, '2025-11-13 11:07:09'),
(182, 19, 2, '2025-11-13 11:07:09'),
(183, 19, 9, '2025-11-13 11:07:09'),
(184, 19, 10, '2025-11-13 11:07:09'),
(185, 19, 6, '2025-11-13 11:07:09'),
(186, 19, 8, '2025-11-13 11:07:09'),
(187, 19, 7, '2025-11-13 11:07:09'),
(188, 19, 5, '2025-11-13 11:07:09'),
(189, 19, 1, '2025-11-13 11:07:09'),
(190, 19, 3, '2025-11-13 11:07:09'),
(191, 20, 4, '2025-11-13 11:07:09'),
(192, 20, 2, '2025-11-13 11:07:09'),
(193, 20, 9, '2025-11-13 11:07:09'),
(194, 20, 10, '2025-11-13 11:07:09'),
(195, 20, 6, '2025-11-13 11:07:09'),
(196, 20, 8, '2025-11-13 11:07:09'),
(197, 20, 7, '2025-11-13 11:07:09'),
(198, 20, 5, '2025-11-13 11:07:09'),
(199, 20, 1, '2025-11-13 11:07:09'),
(200, 20, 3, '2025-11-13 11:07:09'),
(201, 21, 4, '2025-11-13 11:07:09'),
(202, 21, 2, '2025-11-13 11:07:09'),
(203, 21, 9, '2025-11-13 11:07:09'),
(204, 21, 10, '2025-11-13 11:07:09'),
(205, 21, 6, '2025-11-13 11:07:09'),
(206, 21, 8, '2025-11-13 11:07:09'),
(207, 21, 7, '2025-11-13 11:07:09'),
(208, 21, 5, '2025-11-13 11:07:09'),
(209, 21, 1, '2025-11-13 11:07:09'),
(210, 21, 3, '2025-11-13 11:07:09'),
(211, 22, 4, '2025-11-13 11:07:09'),
(212, 22, 2, '2025-11-13 11:07:09'),
(213, 22, 9, '2025-11-13 11:07:09'),
(214, 22, 10, '2025-11-13 11:07:09'),
(215, 22, 6, '2025-11-13 11:07:09'),
(216, 22, 8, '2025-11-13 11:07:09'),
(217, 22, 7, '2025-11-13 11:07:09'),
(218, 22, 5, '2025-11-13 11:07:09'),
(219, 22, 1, '2025-11-13 11:07:09'),
(220, 22, 3, '2025-11-13 11:07:09'),
(221, 23, 4, '2025-11-13 11:07:09'),
(222, 23, 2, '2025-11-13 11:07:09'),
(223, 23, 9, '2025-11-13 11:07:09'),
(224, 23, 10, '2025-11-13 11:07:09'),
(225, 23, 6, '2025-11-13 11:07:09'),
(226, 23, 8, '2025-11-13 11:07:09'),
(227, 23, 7, '2025-11-13 11:07:09'),
(228, 23, 5, '2025-11-13 11:07:09'),
(229, 23, 1, '2025-11-13 11:07:09'),
(230, 23, 3, '2025-11-13 11:07:09'),
(231, 24, 4, '2025-11-13 11:07:09'),
(232, 24, 2, '2025-11-13 11:07:09'),
(233, 24, 9, '2025-11-13 11:07:09'),
(234, 24, 10, '2025-11-13 11:07:09'),
(235, 24, 6, '2025-11-13 11:07:09'),
(236, 24, 8, '2025-11-13 11:07:09'),
(237, 24, 7, '2025-11-13 11:07:09'),
(238, 24, 5, '2025-11-13 11:07:09'),
(239, 24, 1, '2025-11-13 11:07:09'),
(240, 24, 3, '2025-11-13 11:07:09'),
(241, 25, 4, '2025-11-13 11:07:09'),
(242, 25, 2, '2025-11-13 11:07:09'),
(243, 25, 9, '2025-11-13 11:07:09'),
(244, 25, 10, '2025-11-13 11:07:09'),
(245, 25, 6, '2025-11-13 11:07:09'),
(246, 25, 8, '2025-11-13 11:07:09'),
(247, 25, 7, '2025-11-13 11:07:09'),
(248, 25, 5, '2025-11-13 11:07:09'),
(249, 25, 1, '2025-11-13 11:07:09'),
(250, 25, 3, '2025-11-13 11:07:09'),
(251, 26, 4, '2025-11-13 11:07:09'),
(252, 26, 2, '2025-11-13 11:07:09'),
(253, 26, 9, '2025-11-13 11:07:09'),
(254, 26, 10, '2025-11-13 11:07:09'),
(255, 26, 6, '2025-11-13 11:07:09'),
(256, 26, 8, '2025-11-13 11:07:09'),
(257, 26, 7, '2025-11-13 11:07:09'),
(258, 26, 5, '2025-11-13 11:07:09'),
(259, 26, 1, '2025-11-13 11:07:09'),
(260, 26, 3, '2025-11-13 11:07:09'),
(261, 27, 4, '2025-11-13 11:07:09'),
(262, 27, 2, '2025-11-13 11:07:09'),
(263, 27, 9, '2025-11-13 11:07:09'),
(264, 27, 10, '2025-11-13 11:07:09'),
(265, 27, 6, '2025-11-13 11:07:09'),
(266, 27, 8, '2025-11-13 11:07:09'),
(267, 27, 7, '2025-11-13 11:07:09'),
(268, 27, 5, '2025-11-13 11:07:09'),
(269, 27, 1, '2025-11-13 11:07:09'),
(270, 27, 3, '2025-11-13 11:07:09'),
(271, 28, 4, '2025-11-13 11:07:09'),
(272, 28, 2, '2025-11-13 11:07:09'),
(273, 28, 9, '2025-11-13 11:07:09'),
(274, 28, 10, '2025-11-13 11:07:09'),
(275, 28, 6, '2025-11-13 11:07:09'),
(276, 28, 8, '2025-11-13 11:07:09'),
(277, 28, 7, '2025-11-13 11:07:09'),
(278, 28, 5, '2025-11-13 11:07:09'),
(279, 28, 1, '2025-11-13 11:07:09'),
(280, 28, 3, '2025-11-13 11:07:09'),
(281, 29, 4, '2025-11-13 11:07:09'),
(282, 29, 2, '2025-11-13 11:07:09'),
(283, 29, 9, '2025-11-13 11:07:09'),
(284, 29, 10, '2025-11-13 11:07:09'),
(285, 29, 6, '2025-11-13 11:07:09'),
(286, 29, 8, '2025-11-13 11:07:09'),
(287, 29, 7, '2025-11-13 11:07:09'),
(288, 29, 5, '2025-11-13 11:07:09'),
(289, 29, 1, '2025-11-13 11:07:09'),
(290, 29, 3, '2025-11-13 11:07:09'),
(291, 30, 4, '2025-11-13 11:07:09'),
(292, 30, 2, '2025-11-13 11:07:09'),
(293, 30, 9, '2025-11-13 11:07:09'),
(294, 30, 10, '2025-11-13 11:07:09'),
(295, 30, 6, '2025-11-13 11:07:09'),
(296, 30, 8, '2025-11-13 11:07:09'),
(297, 30, 7, '2025-11-13 11:07:09'),
(298, 30, 5, '2025-11-13 11:07:09'),
(299, 30, 1, '2025-11-13 11:07:09'),
(300, 30, 3, '2025-11-13 11:07:09'),
(301, 31, 4, '2025-11-13 11:07:09'),
(302, 31, 2, '2025-11-13 11:07:09'),
(303, 31, 9, '2025-11-13 11:07:09'),
(304, 31, 10, '2025-11-13 11:07:09'),
(305, 31, 6, '2025-11-13 11:07:09'),
(306, 31, 8, '2025-11-13 11:07:09'),
(307, 31, 7, '2025-11-13 11:07:09'),
(308, 31, 5, '2025-11-13 11:07:09'),
(309, 31, 1, '2025-11-13 11:07:09'),
(310, 31, 3, '2025-11-13 11:07:09'),
(311, 32, 4, '2025-11-13 11:07:09'),
(312, 32, 2, '2025-11-13 11:07:09'),
(313, 32, 9, '2025-11-13 11:07:09'),
(314, 32, 10, '2025-11-13 11:07:09'),
(315, 32, 6, '2025-11-13 11:07:09'),
(316, 32, 8, '2025-11-13 11:07:09'),
(317, 32, 7, '2025-11-13 11:07:09'),
(318, 32, 5, '2025-11-13 11:07:09'),
(319, 32, 1, '2025-11-13 11:07:09'),
(320, 32, 3, '2025-11-13 11:07:09'),
(321, 33, 4, '2025-11-13 11:07:09'),
(322, 33, 2, '2025-11-13 11:07:09'),
(323, 33, 9, '2025-11-13 11:07:09'),
(324, 33, 10, '2025-11-13 11:07:09'),
(325, 33, 6, '2025-11-13 11:07:09'),
(326, 33, 8, '2025-11-13 11:07:09'),
(327, 33, 7, '2025-11-13 11:07:09'),
(328, 33, 5, '2025-11-13 11:07:09'),
(329, 33, 1, '2025-11-13 11:07:09'),
(330, 33, 3, '2025-11-13 11:07:09'),
(331, 34, 4, '2025-11-13 11:07:09'),
(332, 34, 2, '2025-11-13 11:07:09'),
(333, 34, 9, '2025-11-13 11:07:09'),
(334, 34, 10, '2025-11-13 11:07:09'),
(335, 34, 6, '2025-11-13 11:07:09'),
(336, 34, 8, '2025-11-13 11:07:09'),
(337, 34, 7, '2025-11-13 11:07:09'),
(338, 34, 5, '2025-11-13 11:07:09'),
(339, 34, 1, '2025-11-13 11:07:09'),
(340, 34, 3, '2025-11-13 11:07:09'),
(341, 35, 4, '2025-11-13 11:07:09'),
(342, 35, 2, '2025-11-13 11:07:09'),
(343, 35, 9, '2025-11-13 11:07:09'),
(344, 35, 10, '2025-11-13 11:07:09'),
(345, 35, 6, '2025-11-13 11:07:09'),
(346, 35, 8, '2025-11-13 11:07:09'),
(347, 35, 7, '2025-11-13 11:07:09'),
(348, 35, 5, '2025-11-13 11:07:09'),
(349, 35, 1, '2025-11-13 11:07:09'),
(350, 35, 3, '2025-11-13 11:07:09'),
(351, 36, 4, '2025-11-13 11:07:09'),
(352, 36, 2, '2025-11-13 11:07:09'),
(353, 36, 9, '2025-11-13 11:07:09'),
(354, 36, 10, '2025-11-13 11:07:09'),
(355, 36, 6, '2025-11-13 11:07:09'),
(356, 36, 8, '2025-11-13 11:07:09'),
(357, 36, 7, '2025-11-13 11:07:09'),
(358, 36, 5, '2025-11-13 11:07:09'),
(359, 36, 1, '2025-11-13 11:07:09'),
(360, 36, 3, '2025-11-13 11:07:09'),
(361, 37, 4, '2025-11-13 11:07:09'),
(362, 37, 2, '2025-11-13 11:07:09'),
(363, 37, 9, '2025-11-13 11:07:09'),
(364, 37, 10, '2025-11-13 11:07:09'),
(365, 37, 6, '2025-11-13 11:07:09'),
(366, 37, 8, '2025-11-13 11:07:09'),
(367, 37, 7, '2025-11-13 11:07:09'),
(368, 37, 5, '2025-11-13 11:07:09'),
(369, 37, 1, '2025-11-13 11:07:09'),
(370, 37, 3, '2025-11-13 11:07:09'),
(371, 38, 4, '2025-11-13 11:07:09'),
(372, 38, 2, '2025-11-13 11:07:09'),
(373, 38, 9, '2025-11-13 11:07:09'),
(374, 38, 10, '2025-11-13 11:07:09'),
(375, 38, 6, '2025-11-13 11:07:09'),
(376, 38, 8, '2025-11-13 11:07:09'),
(377, 38, 7, '2025-11-13 11:07:09'),
(378, 38, 5, '2025-11-13 11:07:09'),
(379, 38, 1, '2025-11-13 11:07:09'),
(380, 38, 3, '2025-11-13 11:07:09'),
(381, 39, 4, '2025-11-13 11:07:09'),
(382, 39, 2, '2025-11-13 11:07:09'),
(383, 39, 9, '2025-11-13 11:07:09'),
(384, 39, 10, '2025-11-13 11:07:09'),
(385, 39, 6, '2025-11-13 11:07:09'),
(386, 39, 8, '2025-11-13 11:07:09'),
(387, 39, 7, '2025-11-13 11:07:09'),
(388, 39, 5, '2025-11-13 11:07:09'),
(389, 39, 1, '2025-11-13 11:07:09'),
(390, 39, 3, '2025-11-13 11:07:09'),
(391, 40, 4, '2025-11-13 11:07:09'),
(392, 40, 2, '2025-11-13 11:07:09'),
(393, 40, 9, '2025-11-13 11:07:09'),
(394, 40, 10, '2025-11-13 11:07:09'),
(395, 40, 6, '2025-11-13 11:07:09'),
(396, 40, 8, '2025-11-13 11:07:09'),
(397, 40, 7, '2025-11-13 11:07:09'),
(398, 40, 5, '2025-11-13 11:07:09'),
(399, 40, 1, '2025-11-13 11:07:09'),
(400, 40, 3, '2025-11-13 11:07:09'),
(401, 41, 4, '2025-11-13 11:07:09'),
(402, 41, 2, '2025-11-13 11:07:09'),
(403, 41, 9, '2025-11-13 11:07:09'),
(404, 41, 10, '2025-11-13 11:07:09'),
(405, 41, 6, '2025-11-13 11:07:09'),
(406, 41, 8, '2025-11-13 11:07:09'),
(407, 41, 7, '2025-11-13 11:07:09'),
(408, 41, 5, '2025-11-13 11:07:09'),
(409, 41, 1, '2025-11-13 11:07:09'),
(410, 41, 3, '2025-11-13 11:07:09'),
(411, 42, 4, '2025-11-13 11:07:09'),
(412, 42, 2, '2025-11-13 11:07:09'),
(413, 42, 9, '2025-11-13 11:07:09'),
(414, 42, 10, '2025-11-13 11:07:09'),
(415, 42, 6, '2025-11-13 11:07:09'),
(416, 42, 8, '2025-11-13 11:07:09'),
(417, 42, 7, '2025-11-13 11:07:09'),
(418, 42, 5, '2025-11-13 11:07:09'),
(419, 42, 1, '2025-11-13 11:07:09'),
(420, 42, 3, '2025-11-13 11:07:09'),
(421, 43, 4, '2025-11-13 11:07:09'),
(422, 43, 2, '2025-11-13 11:07:09'),
(423, 43, 9, '2025-11-13 11:07:09'),
(424, 43, 10, '2025-11-13 11:07:09'),
(425, 43, 6, '2025-11-13 11:07:09'),
(426, 43, 8, '2025-11-13 11:07:09'),
(427, 43, 7, '2025-11-13 11:07:09'),
(428, 43, 5, '2025-11-13 11:07:09'),
(429, 43, 1, '2025-11-13 11:07:09'),
(430, 43, 3, '2025-11-13 11:07:09'),
(431, 44, 4, '2025-11-13 11:07:09'),
(432, 44, 2, '2025-11-13 11:07:09'),
(433, 44, 9, '2025-11-13 11:07:09'),
(434, 44, 10, '2025-11-13 11:07:09'),
(435, 44, 6, '2025-11-13 11:07:09'),
(436, 44, 8, '2025-11-13 11:07:09'),
(437, 44, 7, '2025-11-13 11:07:09'),
(438, 44, 5, '2025-11-13 11:07:09'),
(439, 44, 1, '2025-11-13 11:07:09'),
(440, 44, 3, '2025-11-13 11:07:09'),
(441, 45, 4, '2025-11-13 11:07:09'),
(442, 45, 2, '2025-11-13 11:07:09'),
(443, 45, 9, '2025-11-13 11:07:09'),
(444, 45, 10, '2025-11-13 11:07:09'),
(445, 45, 6, '2025-11-13 11:07:09'),
(446, 45, 8, '2025-11-13 11:07:09'),
(447, 45, 7, '2025-11-13 11:07:09'),
(448, 45, 5, '2025-11-13 11:07:09'),
(449, 45, 1, '2025-11-13 11:07:09'),
(450, 45, 3, '2025-11-13 11:07:09'),
(451, 46, 4, '2025-11-13 11:07:09'),
(452, 46, 2, '2025-11-13 11:07:09'),
(453, 46, 9, '2025-11-13 11:07:09'),
(454, 46, 10, '2025-11-13 11:07:09'),
(455, 46, 6, '2025-11-13 11:07:09'),
(456, 46, 8, '2025-11-13 11:07:09'),
(457, 46, 7, '2025-11-13 11:07:09'),
(458, 46, 5, '2025-11-13 11:07:09'),
(459, 46, 1, '2025-11-13 11:07:09'),
(460, 46, 3, '2025-11-13 11:07:09'),
(461, 47, 4, '2025-11-13 11:07:09'),
(462, 47, 2, '2025-11-13 11:07:09'),
(463, 47, 9, '2025-11-13 11:07:09'),
(464, 47, 10, '2025-11-13 11:07:09'),
(465, 47, 6, '2025-11-13 11:07:09'),
(466, 47, 8, '2025-11-13 11:07:09'),
(467, 47, 7, '2025-11-13 11:07:09'),
(468, 47, 5, '2025-11-13 11:07:09'),
(469, 47, 1, '2025-11-13 11:07:09'),
(470, 47, 3, '2025-11-13 11:07:09'),
(471, 48, 4, '2025-11-13 11:07:09'),
(472, 48, 2, '2025-11-13 11:07:09'),
(473, 48, 9, '2025-11-13 11:07:09'),
(474, 48, 10, '2025-11-13 11:07:09'),
(475, 48, 6, '2025-11-13 11:07:09'),
(476, 48, 8, '2025-11-13 11:07:09'),
(477, 48, 7, '2025-11-13 11:07:09'),
(478, 48, 5, '2025-11-13 11:07:09'),
(479, 48, 1, '2025-11-13 11:07:09'),
(480, 48, 3, '2025-11-13 11:07:09'),
(481, 49, 4, '2025-11-13 11:07:09'),
(482, 49, 2, '2025-11-13 11:07:09'),
(483, 49, 9, '2025-11-13 11:07:09'),
(484, 49, 10, '2025-11-13 11:07:09'),
(485, 49, 6, '2025-11-13 11:07:09'),
(486, 49, 8, '2025-11-13 11:07:09'),
(487, 49, 7, '2025-11-13 11:07:09'),
(488, 49, 5, '2025-11-13 11:07:09'),
(489, 49, 1, '2025-11-13 11:07:09'),
(490, 49, 3, '2025-11-13 11:07:09'),
(491, 50, 4, '2025-11-13 11:07:09'),
(492, 50, 2, '2025-11-13 11:07:09'),
(493, 50, 9, '2025-11-13 11:07:09'),
(494, 50, 10, '2025-11-13 11:07:09'),
(495, 50, 6, '2025-11-13 11:07:09'),
(496, 50, 8, '2025-11-13 11:07:09'),
(497, 50, 7, '2025-11-13 11:07:09'),
(498, 50, 5, '2025-11-13 11:07:09'),
(499, 50, 1, '2025-11-13 11:07:09'),
(500, 50, 3, '2025-11-13 11:07:09'),
(501, 51, 4, '2025-11-13 11:07:09'),
(502, 51, 2, '2025-11-13 11:07:09'),
(503, 51, 9, '2025-11-13 11:07:09'),
(504, 51, 10, '2025-11-13 11:07:09'),
(505, 51, 6, '2025-11-13 11:07:09'),
(506, 51, 8, '2025-11-13 11:07:09'),
(507, 51, 7, '2025-11-13 11:07:09'),
(508, 51, 5, '2025-11-13 11:07:09'),
(509, 51, 1, '2025-11-13 11:07:09'),
(510, 51, 3, '2025-11-13 11:07:09'),
(511, 52, 4, '2025-11-13 11:07:09'),
(512, 52, 2, '2025-11-13 11:07:09'),
(513, 52, 9, '2025-11-13 11:07:09'),
(514, 52, 10, '2025-11-13 11:07:09'),
(515, 52, 6, '2025-11-13 11:07:09'),
(516, 52, 8, '2025-11-13 11:07:09'),
(517, 52, 7, '2025-11-13 11:07:09'),
(518, 52, 5, '2025-11-13 11:07:09'),
(519, 52, 1, '2025-11-13 11:07:09'),
(520, 52, 3, '2025-11-13 11:07:09'),
(521, 53, 4, '2025-11-13 11:07:09'),
(522, 53, 2, '2025-11-13 11:07:09'),
(523, 53, 9, '2025-11-13 11:07:09'),
(524, 53, 10, '2025-11-13 11:07:09'),
(525, 53, 6, '2025-11-13 11:07:09'),
(526, 53, 8, '2025-11-13 11:07:09'),
(527, 53, 7, '2025-11-13 11:07:09'),
(528, 53, 5, '2025-11-13 11:07:09'),
(529, 53, 1, '2025-11-13 11:07:09'),
(530, 53, 3, '2025-11-13 11:07:09'),
(531, 54, 4, '2025-11-13 11:07:09'),
(532, 54, 2, '2025-11-13 11:07:09'),
(533, 54, 9, '2025-11-13 11:07:09'),
(534, 54, 10, '2025-11-13 11:07:09'),
(535, 54, 6, '2025-11-13 11:07:09'),
(536, 54, 8, '2025-11-13 11:07:09'),
(537, 54, 7, '2025-11-13 11:07:09'),
(538, 54, 5, '2025-11-13 11:07:09'),
(539, 54, 1, '2025-11-13 11:07:09'),
(540, 54, 3, '2025-11-13 11:07:09'),
(541, 55, 4, '2025-11-13 11:07:09'),
(542, 55, 2, '2025-11-13 11:07:09'),
(543, 55, 9, '2025-11-13 11:07:09'),
(544, 55, 10, '2025-11-13 11:07:09'),
(545, 55, 6, '2025-11-13 11:07:09'),
(546, 55, 8, '2025-11-13 11:07:09'),
(547, 55, 7, '2025-11-13 11:07:09'),
(548, 55, 5, '2025-11-13 11:07:09'),
(549, 55, 1, '2025-11-13 11:07:09'),
(550, 55, 3, '2025-11-13 11:07:09'),
(551, 56, 4, '2025-11-13 11:07:09'),
(552, 56, 2, '2025-11-13 11:07:09'),
(553, 56, 9, '2025-11-13 11:07:09'),
(554, 56, 10, '2025-11-13 11:07:09'),
(555, 56, 6, '2025-11-13 11:07:09'),
(556, 56, 8, '2025-11-13 11:07:09'),
(557, 56, 7, '2025-11-13 11:07:09'),
(558, 56, 5, '2025-11-13 11:07:09'),
(559, 56, 1, '2025-11-13 11:07:09'),
(560, 56, 3, '2025-11-13 11:07:09'),
(561, 57, 4, '2025-11-13 11:07:09'),
(562, 57, 2, '2025-11-13 11:07:09'),
(563, 57, 9, '2025-11-13 11:07:09'),
(564, 57, 10, '2025-11-13 11:07:09'),
(565, 57, 6, '2025-11-13 11:07:09'),
(566, 57, 8, '2025-11-13 11:07:09'),
(567, 57, 7, '2025-11-13 11:07:09'),
(568, 57, 5, '2025-11-13 11:07:09'),
(569, 57, 1, '2025-11-13 11:07:09'),
(570, 57, 3, '2025-11-13 11:07:09'),
(571, 58, 4, '2025-11-13 11:07:09'),
(572, 58, 2, '2025-11-13 11:07:09'),
(573, 58, 9, '2025-11-13 11:07:09'),
(574, 58, 10, '2025-11-13 11:07:09'),
(575, 58, 6, '2025-11-13 11:07:09'),
(576, 58, 8, '2025-11-13 11:07:09'),
(577, 58, 7, '2025-11-13 11:07:09'),
(578, 58, 5, '2025-11-13 11:07:09'),
(579, 58, 1, '2025-11-13 11:07:09'),
(580, 58, 3, '2025-11-13 11:07:09'),
(581, 59, 4, '2025-11-13 11:07:09'),
(582, 59, 2, '2025-11-13 11:07:09'),
(583, 59, 9, '2025-11-13 11:07:09'),
(584, 59, 10, '2025-11-13 11:07:09'),
(585, 59, 6, '2025-11-13 11:07:09'),
(586, 59, 8, '2025-11-13 11:07:09'),
(587, 59, 7, '2025-11-13 11:07:09'),
(588, 59, 5, '2025-11-13 11:07:09'),
(589, 59, 1, '2025-11-13 11:07:09'),
(590, 59, 3, '2025-11-13 11:07:09'),
(591, 60, 4, '2025-11-13 11:07:09'),
(592, 60, 2, '2025-11-13 11:07:09'),
(593, 60, 9, '2025-11-13 11:07:09'),
(594, 60, 10, '2025-11-13 11:07:09'),
(595, 60, 6, '2025-11-13 11:07:09'),
(596, 60, 8, '2025-11-13 11:07:09'),
(597, 60, 7, '2025-11-13 11:07:09'),
(598, 60, 5, '2025-11-13 11:07:09'),
(599, 60, 1, '2025-11-13 11:07:09'),
(600, 60, 3, '2025-11-13 11:07:09'),
(601, 61, 4, '2025-11-13 11:07:09'),
(602, 61, 2, '2025-11-13 11:07:09'),
(603, 61, 9, '2025-11-13 11:07:09'),
(604, 61, 10, '2025-11-13 11:07:09'),
(605, 61, 6, '2025-11-13 11:07:09'),
(606, 61, 8, '2025-11-13 11:07:09'),
(607, 61, 7, '2025-11-13 11:07:09'),
(608, 61, 5, '2025-11-13 11:07:09'),
(609, 61, 1, '2025-11-13 11:07:09'),
(610, 61, 3, '2025-11-13 11:07:09'),
(611, 62, 4, '2025-11-13 11:07:09'),
(612, 62, 2, '2025-11-13 11:07:09'),
(613, 62, 9, '2025-11-13 11:07:09'),
(614, 62, 10, '2025-11-13 11:07:09'),
(615, 62, 6, '2025-11-13 11:07:09'),
(616, 62, 8, '2025-11-13 11:07:09'),
(617, 62, 7, '2025-11-13 11:07:09'),
(618, 62, 5, '2025-11-13 11:07:09'),
(619, 62, 1, '2025-11-13 11:07:09'),
(620, 62, 3, '2025-11-13 11:07:09'),
(621, 63, 4, '2025-11-13 11:07:09'),
(622, 63, 2, '2025-11-13 11:07:09'),
(623, 63, 9, '2025-11-13 11:07:09'),
(624, 63, 10, '2025-11-13 11:07:09'),
(625, 63, 6, '2025-11-13 11:07:09'),
(626, 63, 8, '2025-11-13 11:07:09'),
(627, 63, 7, '2025-11-13 11:07:09'),
(628, 63, 5, '2025-11-13 11:07:09'),
(629, 63, 1, '2025-11-13 11:07:09'),
(630, 63, 3, '2025-11-13 11:07:09'),
(631, 64, 4, '2025-11-13 11:07:09'),
(632, 64, 2, '2025-11-13 11:07:09'),
(633, 64, 9, '2025-11-13 11:07:09'),
(634, 64, 10, '2025-11-13 11:07:09'),
(635, 64, 6, '2025-11-13 11:07:09'),
(636, 64, 8, '2025-11-13 11:07:09'),
(637, 64, 7, '2025-11-13 11:07:09'),
(638, 64, 5, '2025-11-13 11:07:09'),
(639, 64, 1, '2025-11-13 11:07:09'),
(640, 64, 3, '2025-11-13 11:07:09'),
(641, 65, 4, '2025-11-13 11:07:09'),
(642, 65, 2, '2025-11-13 11:07:09'),
(643, 65, 9, '2025-11-13 11:07:09'),
(644, 65, 10, '2025-11-13 11:07:09'),
(645, 65, 6, '2025-11-13 11:07:09'),
(646, 65, 8, '2025-11-13 11:07:09'),
(647, 65, 7, '2025-11-13 11:07:09'),
(648, 65, 5, '2025-11-13 11:07:09'),
(649, 65, 1, '2025-11-13 11:07:09'),
(650, 65, 3, '2025-11-13 11:07:09'),
(651, 66, 4, '2025-11-13 11:07:09'),
(652, 66, 2, '2025-11-13 11:07:09'),
(653, 66, 9, '2025-11-13 11:07:09'),
(654, 66, 10, '2025-11-13 11:07:09'),
(655, 66, 6, '2025-11-13 11:07:09'),
(656, 66, 8, '2025-11-13 11:07:09'),
(657, 66, 7, '2025-11-13 11:07:09'),
(658, 66, 5, '2025-11-13 11:07:09'),
(659, 66, 1, '2025-11-13 11:07:09'),
(660, 66, 3, '2025-11-13 11:07:09'),
(661, 67, 4, '2025-11-13 11:07:09'),
(662, 67, 2, '2025-11-13 11:07:09'),
(663, 67, 9, '2025-11-13 11:07:09'),
(664, 67, 10, '2025-11-13 11:07:09'),
(665, 67, 6, '2025-11-13 11:07:09'),
(666, 67, 8, '2025-11-13 11:07:09'),
(667, 67, 7, '2025-11-13 11:07:09'),
(668, 67, 5, '2025-11-13 11:07:09'),
(669, 67, 1, '2025-11-13 11:07:09'),
(670, 67, 3, '2025-11-13 11:07:09'),
(671, 68, 4, '2025-11-13 11:07:09'),
(672, 68, 2, '2025-11-13 11:07:09'),
(673, 68, 9, '2025-11-13 11:07:09'),
(674, 68, 10, '2025-11-13 11:07:09'),
(675, 68, 6, '2025-11-13 11:07:09'),
(676, 68, 8, '2025-11-13 11:07:09'),
(677, 68, 7, '2025-11-13 11:07:09'),
(678, 68, 5, '2025-11-13 11:07:09'),
(679, 68, 1, '2025-11-13 11:07:09'),
(680, 68, 3, '2025-11-13 11:07:09'),
(681, 69, 4, '2025-11-13 11:07:09'),
(682, 69, 2, '2025-11-13 11:07:09'),
(683, 69, 9, '2025-11-13 11:07:09'),
(684, 69, 10, '2025-11-13 11:07:09'),
(685, 69, 6, '2025-11-13 11:07:09'),
(686, 69, 8, '2025-11-13 11:07:09'),
(687, 69, 7, '2025-11-13 11:07:09'),
(688, 69, 5, '2025-11-13 11:07:09'),
(689, 69, 1, '2025-11-13 11:07:09'),
(690, 69, 3, '2025-11-13 11:07:09'),
(691, 70, 4, '2025-11-13 11:07:09'),
(692, 70, 2, '2025-11-13 11:07:09'),
(693, 70, 9, '2025-11-13 11:07:09'),
(694, 70, 10, '2025-11-13 11:07:09'),
(695, 70, 6, '2025-11-13 11:07:09'),
(696, 70, 8, '2025-11-13 11:07:09'),
(697, 70, 7, '2025-11-13 11:07:09'),
(698, 70, 5, '2025-11-13 11:07:09'),
(699, 70, 1, '2025-11-13 11:07:09'),
(700, 70, 3, '2025-11-13 11:07:09'),
(701, 71, 4, '2025-11-13 11:07:09'),
(702, 71, 2, '2025-11-13 11:07:09'),
(703, 71, 9, '2025-11-13 11:07:09'),
(704, 71, 10, '2025-11-13 11:07:09'),
(705, 71, 6, '2025-11-13 11:07:09'),
(706, 71, 8, '2025-11-13 11:07:09'),
(707, 71, 7, '2025-11-13 11:07:09'),
(708, 71, 5, '2025-11-13 11:07:09'),
(709, 71, 1, '2025-11-13 11:07:09'),
(710, 71, 3, '2025-11-13 11:07:09'),
(711, 72, 4, '2025-11-13 11:07:09'),
(712, 72, 2, '2025-11-13 11:07:09'),
(713, 72, 9, '2025-11-13 11:07:09'),
(714, 72, 10, '2025-11-13 11:07:09'),
(715, 72, 6, '2025-11-13 11:07:09'),
(716, 72, 8, '2025-11-13 11:07:09'),
(717, 72, 7, '2025-11-13 11:07:09'),
(718, 72, 5, '2025-11-13 11:07:09'),
(719, 72, 1, '2025-11-13 11:07:09'),
(720, 72, 3, '2025-11-13 11:07:09'),
(721, 73, 4, '2025-11-13 11:07:09'),
(722, 73, 2, '2025-11-13 11:07:09'),
(723, 73, 9, '2025-11-13 11:07:09'),
(724, 73, 10, '2025-11-13 11:07:09'),
(725, 73, 6, '2025-11-13 11:07:09'),
(726, 73, 8, '2025-11-13 11:07:09'),
(727, 73, 7, '2025-11-13 11:07:09'),
(728, 73, 5, '2025-11-13 11:07:09'),
(729, 73, 1, '2025-11-13 11:07:09'),
(730, 73, 3, '2025-11-13 11:07:09'),
(731, 74, 4, '2025-11-13 11:07:09'),
(732, 74, 2, '2025-11-13 11:07:09'),
(733, 74, 9, '2025-11-13 11:07:09'),
(734, 74, 10, '2025-11-13 11:07:09'),
(735, 74, 6, '2025-11-13 11:07:09'),
(736, 74, 8, '2025-11-13 11:07:09'),
(737, 74, 7, '2025-11-13 11:07:09'),
(738, 74, 5, '2025-11-13 11:07:09'),
(739, 74, 1, '2025-11-13 11:07:09'),
(740, 74, 3, '2025-11-13 11:07:09'),
(741, 75, 4, '2025-11-13 11:07:09'),
(742, 75, 2, '2025-11-13 11:07:09'),
(743, 75, 9, '2025-11-13 11:07:09'),
(744, 75, 10, '2025-11-13 11:07:09'),
(745, 75, 6, '2025-11-13 11:07:09'),
(746, 75, 8, '2025-11-13 11:07:09'),
(747, 75, 7, '2025-11-13 11:07:09'),
(748, 75, 5, '2025-11-13 11:07:09'),
(749, 75, 1, '2025-11-13 11:07:09'),
(750, 75, 3, '2025-11-13 11:07:09'),
(751, 76, 4, '2025-11-13 11:07:09'),
(752, 76, 2, '2025-11-13 11:07:09'),
(753, 76, 9, '2025-11-13 11:07:09'),
(754, 76, 10, '2025-11-13 11:07:09'),
(755, 76, 6, '2025-11-13 11:07:09'),
(756, 76, 8, '2025-11-13 11:07:09'),
(757, 76, 7, '2025-11-13 11:07:09'),
(758, 76, 5, '2025-11-13 11:07:09'),
(759, 76, 1, '2025-11-13 11:07:09'),
(760, 76, 3, '2025-11-13 11:07:09'),
(761, 77, 4, '2025-11-13 11:07:09'),
(762, 77, 2, '2025-11-13 11:07:09'),
(763, 77, 9, '2025-11-13 11:07:09'),
(764, 77, 10, '2025-11-13 11:07:09'),
(765, 77, 6, '2025-11-13 11:07:09'),
(766, 77, 8, '2025-11-13 11:07:09'),
(767, 77, 7, '2025-11-13 11:07:09'),
(768, 77, 5, '2025-11-13 11:07:09'),
(769, 77, 1, '2025-11-13 11:07:09'),
(770, 77, 3, '2025-11-13 11:07:09'),
(771, 78, 4, '2025-11-13 11:07:09'),
(772, 78, 2, '2025-11-13 11:07:09'),
(773, 78, 9, '2025-11-13 11:07:09'),
(774, 78, 10, '2025-11-13 11:07:09'),
(775, 78, 6, '2025-11-13 11:07:09'),
(776, 78, 8, '2025-11-13 11:07:09'),
(777, 78, 7, '2025-11-13 11:07:09'),
(778, 78, 5, '2025-11-13 11:07:09'),
(779, 78, 1, '2025-11-13 11:07:09'),
(780, 78, 3, '2025-11-13 11:07:09'),
(781, 79, 4, '2025-11-13 11:07:09'),
(782, 79, 2, '2025-11-13 11:07:09'),
(783, 79, 9, '2025-11-13 11:07:09'),
(784, 79, 10, '2025-11-13 11:07:09'),
(785, 79, 6, '2025-11-13 11:07:09'),
(786, 79, 8, '2025-11-13 11:07:09'),
(787, 79, 7, '2025-11-13 11:07:09'),
(788, 79, 5, '2025-11-13 11:07:09'),
(789, 79, 1, '2025-11-13 11:07:09'),
(790, 79, 3, '2025-11-13 11:07:09'),
(791, 80, 4, '2025-11-13 11:07:09'),
(792, 80, 2, '2025-11-13 11:07:09'),
(793, 80, 9, '2025-11-13 11:07:09'),
(794, 80, 10, '2025-11-13 11:07:09'),
(795, 80, 6, '2025-11-13 11:07:09'),
(796, 80, 8, '2025-11-13 11:07:09'),
(797, 80, 7, '2025-11-13 11:07:09'),
(798, 80, 5, '2025-11-13 11:07:09'),
(799, 80, 1, '2025-11-13 11:07:09'),
(800, 80, 3, '2025-11-13 11:07:09'),
(801, 81, 4, '2025-11-13 11:07:09'),
(802, 81, 2, '2025-11-13 11:07:09'),
(803, 81, 9, '2025-11-13 11:07:09'),
(804, 81, 10, '2025-11-13 11:07:09'),
(805, 81, 6, '2025-11-13 11:07:09'),
(806, 81, 8, '2025-11-13 11:07:09'),
(807, 81, 7, '2025-11-13 11:07:09'),
(808, 81, 5, '2025-11-13 11:07:09'),
(809, 81, 1, '2025-11-13 11:07:09'),
(810, 81, 3, '2025-11-13 11:07:09'),
(811, 82, 4, '2025-11-13 11:07:09'),
(812, 82, 2, '2025-11-13 11:07:09'),
(813, 82, 9, '2025-11-13 11:07:09'),
(814, 82, 10, '2025-11-13 11:07:09'),
(815, 82, 6, '2025-11-13 11:07:09'),
(816, 82, 8, '2025-11-13 11:07:09'),
(817, 82, 7, '2025-11-13 11:07:09'),
(818, 82, 5, '2025-11-13 11:07:09'),
(819, 82, 1, '2025-11-13 11:07:09'),
(820, 82, 3, '2025-11-13 11:07:09'),
(821, 83, 4, '2025-11-13 11:07:09'),
(822, 83, 2, '2025-11-13 11:07:09'),
(823, 83, 9, '2025-11-13 11:07:09'),
(824, 83, 10, '2025-11-13 11:07:09'),
(825, 83, 6, '2025-11-13 11:07:09'),
(826, 83, 8, '2025-11-13 11:07:09'),
(827, 83, 7, '2025-11-13 11:07:09'),
(828, 83, 5, '2025-11-13 11:07:09'),
(829, 83, 1, '2025-11-13 11:07:09'),
(830, 83, 3, '2025-11-13 11:07:09'),
(831, 84, 4, '2025-11-13 11:07:09'),
(832, 84, 2, '2025-11-13 11:07:09'),
(833, 84, 9, '2025-11-13 11:07:09'),
(834, 84, 10, '2025-11-13 11:07:09'),
(835, 84, 6, '2025-11-13 11:07:09'),
(836, 84, 8, '2025-11-13 11:07:09'),
(837, 84, 7, '2025-11-13 11:07:09'),
(838, 84, 5, '2025-11-13 11:07:09'),
(839, 84, 1, '2025-11-13 11:07:09'),
(840, 84, 3, '2025-11-13 11:07:09'),
(841, 85, 4, '2025-11-13 11:07:09'),
(842, 85, 2, '2025-11-13 11:07:09'),
(843, 85, 9, '2025-11-13 11:07:09'),
(844, 85, 10, '2025-11-13 11:07:09'),
(845, 85, 6, '2025-11-13 11:07:09'),
(846, 85, 8, '2025-11-13 11:07:09'),
(847, 85, 7, '2025-11-13 11:07:09'),
(848, 85, 5, '2025-11-13 11:07:09'),
(849, 85, 1, '2025-11-13 11:07:09'),
(850, 85, 3, '2025-11-13 11:07:09'),
(851, 86, 4, '2025-11-13 11:07:09'),
(852, 86, 2, '2025-11-13 11:07:09'),
(853, 86, 9, '2025-11-13 11:07:09'),
(854, 86, 10, '2025-11-13 11:07:09'),
(855, 86, 6, '2025-11-13 11:07:09'),
(856, 86, 8, '2025-11-13 11:07:09'),
(857, 86, 7, '2025-11-13 11:07:09'),
(858, 86, 5, '2025-11-13 11:07:09'),
(859, 86, 1, '2025-11-13 11:07:09'),
(860, 86, 3, '2025-11-13 11:07:09'),
(861, 87, 4, '2025-11-13 11:07:09'),
(862, 87, 2, '2025-11-13 11:07:09'),
(863, 87, 9, '2025-11-13 11:07:09'),
(864, 87, 10, '2025-11-13 11:07:09'),
(865, 87, 6, '2025-11-13 11:07:09'),
(866, 87, 8, '2025-11-13 11:07:09'),
(867, 87, 7, '2025-11-13 11:07:09'),
(868, 87, 5, '2025-11-13 11:07:09'),
(869, 87, 1, '2025-11-13 11:07:09'),
(870, 87, 3, '2025-11-13 11:07:09'),
(871, 88, 4, '2025-11-13 11:07:09'),
(872, 88, 2, '2025-11-13 11:07:09'),
(873, 88, 9, '2025-11-13 11:07:09'),
(874, 88, 10, '2025-11-13 11:07:09'),
(875, 88, 6, '2025-11-13 11:07:09'),
(876, 88, 8, '2025-11-13 11:07:09'),
(877, 88, 7, '2025-11-13 11:07:09'),
(878, 88, 5, '2025-11-13 11:07:09'),
(879, 88, 1, '2025-11-13 11:07:09'),
(880, 88, 3, '2025-11-13 11:07:09'),
(881, 89, 4, '2025-11-13 11:07:09'),
(882, 89, 2, '2025-11-13 11:07:09'),
(883, 89, 9, '2025-11-13 11:07:09'),
(884, 89, 10, '2025-11-13 11:07:09'),
(885, 89, 6, '2025-11-13 11:07:09'),
(886, 89, 8, '2025-11-13 11:07:09'),
(887, 89, 7, '2025-11-13 11:07:09'),
(888, 89, 5, '2025-11-13 11:07:09'),
(889, 89, 1, '2025-11-13 11:07:09'),
(890, 89, 3, '2025-11-13 11:07:09'),
(891, 90, 4, '2025-11-13 11:07:09'),
(892, 90, 2, '2025-11-13 11:07:09'),
(893, 90, 9, '2025-11-13 11:07:09'),
(894, 90, 10, '2025-11-13 11:07:09'),
(895, 90, 6, '2025-11-13 11:07:09'),
(896, 90, 8, '2025-11-13 11:07:09'),
(897, 90, 7, '2025-11-13 11:07:09'),
(898, 90, 5, '2025-11-13 11:07:09'),
(899, 90, 1, '2025-11-13 11:07:09'),
(900, 90, 3, '2025-11-13 11:07:09'),
(901, 91, 4, '2025-11-13 11:07:09'),
(902, 91, 2, '2025-11-13 11:07:09'),
(903, 91, 9, '2025-11-13 11:07:09'),
(904, 91, 10, '2025-11-13 11:07:09'),
(905, 91, 6, '2025-11-13 11:07:09'),
(906, 91, 8, '2025-11-13 11:07:09'),
(907, 91, 7, '2025-11-13 11:07:09'),
(908, 91, 5, '2025-11-13 11:07:09'),
(909, 91, 1, '2025-11-13 11:07:09'),
(910, 91, 3, '2025-11-13 11:07:09'),
(911, 92, 4, '2025-11-13 11:07:09'),
(912, 92, 2, '2025-11-13 11:07:09'),
(913, 92, 9, '2025-11-13 11:07:09'),
(914, 92, 10, '2025-11-13 11:07:09'),
(915, 92, 6, '2025-11-13 11:07:09'),
(916, 92, 8, '2025-11-13 11:07:09'),
(917, 92, 7, '2025-11-13 11:07:09'),
(918, 92, 5, '2025-11-13 11:07:09'),
(919, 92, 1, '2025-11-13 11:07:09'),
(920, 92, 3, '2025-11-13 11:07:09'),
(921, 93, 4, '2025-11-13 11:07:09'),
(922, 93, 2, '2025-11-13 11:07:09'),
(923, 93, 9, '2025-11-13 11:07:09'),
(924, 93, 10, '2025-11-13 11:07:09'),
(925, 93, 6, '2025-11-13 11:07:09'),
(926, 93, 8, '2025-11-13 11:07:09'),
(927, 93, 7, '2025-11-13 11:07:09'),
(928, 93, 5, '2025-11-13 11:07:09'),
(929, 93, 1, '2025-11-13 11:07:09'),
(930, 93, 3, '2025-11-13 11:07:09'),
(931, 94, 4, '2025-11-13 11:07:09'),
(932, 94, 2, '2025-11-13 11:07:09'),
(933, 94, 9, '2025-11-13 11:07:09'),
(934, 94, 10, '2025-11-13 11:07:09'),
(935, 94, 6, '2025-11-13 11:07:09'),
(936, 94, 8, '2025-11-13 11:07:09'),
(937, 94, 7, '2025-11-13 11:07:09'),
(938, 94, 5, '2025-11-13 11:07:09'),
(939, 94, 1, '2025-11-13 11:07:09'),
(940, 94, 3, '2025-11-13 11:07:09'),
(941, 95, 4, '2025-11-13 11:07:09'),
(942, 95, 2, '2025-11-13 11:07:09'),
(943, 95, 9, '2025-11-13 11:07:09'),
(944, 95, 10, '2025-11-13 11:07:09'),
(945, 95, 6, '2025-11-13 11:07:09'),
(946, 95, 8, '2025-11-13 11:07:09'),
(947, 95, 7, '2025-11-13 11:07:09'),
(948, 95, 5, '2025-11-13 11:07:09'),
(949, 95, 1, '2025-11-13 11:07:09'),
(950, 95, 3, '2025-11-13 11:07:09'),
(951, 96, 4, '2025-11-13 11:07:09'),
(952, 96, 2, '2025-11-13 11:07:09'),
(953, 96, 9, '2025-11-13 11:07:09'),
(954, 96, 10, '2025-11-13 11:07:09'),
(955, 96, 6, '2025-11-13 11:07:09'),
(956, 96, 8, '2025-11-13 11:07:09'),
(957, 96, 7, '2025-11-13 11:07:09'),
(958, 96, 5, '2025-11-13 11:07:09'),
(959, 96, 1, '2025-11-13 11:07:09'),
(960, 96, 3, '2025-11-13 11:07:09'),
(961, 97, 4, '2025-11-13 11:07:09'),
(962, 97, 2, '2025-11-13 11:07:09'),
(963, 97, 9, '2025-11-13 11:07:09'),
(964, 97, 10, '2025-11-13 11:07:09'),
(965, 97, 6, '2025-11-13 11:07:09'),
(966, 97, 8, '2025-11-13 11:07:09'),
(967, 97, 7, '2025-11-13 11:07:09'),
(968, 97, 5, '2025-11-13 11:07:09'),
(969, 97, 1, '2025-11-13 11:07:09'),
(970, 97, 3, '2025-11-13 11:07:09'),
(971, 98, 4, '2025-11-13 11:07:09'),
(972, 98, 2, '2025-11-13 11:07:09'),
(973, 98, 9, '2025-11-13 11:07:09'),
(974, 98, 10, '2025-11-13 11:07:09'),
(975, 98, 6, '2025-11-13 11:07:09'),
(976, 98, 8, '2025-11-13 11:07:09'),
(977, 98, 7, '2025-11-13 11:07:09'),
(978, 98, 5, '2025-11-13 11:07:09'),
(979, 98, 1, '2025-11-13 11:07:09'),
(980, 98, 3, '2025-11-13 11:07:09'),
(981, 99, 4, '2025-11-13 11:07:09'),
(982, 99, 2, '2025-11-13 11:07:09'),
(983, 99, 9, '2025-11-13 11:07:09'),
(984, 99, 10, '2025-11-13 11:07:09'),
(985, 99, 6, '2025-11-13 11:07:09'),
(986, 99, 8, '2025-11-13 11:07:09'),
(987, 99, 7, '2025-11-13 11:07:09'),
(988, 99, 5, '2025-11-13 11:07:09'),
(989, 99, 1, '2025-11-13 11:07:09'),
(990, 99, 3, '2025-11-13 11:07:09'),
(991, 100, 4, '2025-11-13 11:07:09'),
(992, 100, 2, '2025-11-13 11:07:09'),
(993, 100, 9, '2025-11-13 11:07:09'),
(994, 100, 10, '2025-11-13 11:07:09'),
(995, 100, 6, '2025-11-13 11:07:09'),
(996, 100, 8, '2025-11-13 11:07:09'),
(997, 100, 7, '2025-11-13 11:07:09'),
(998, 100, 5, '2025-11-13 11:07:09'),
(999, 100, 1, '2025-11-13 11:07:09'),
(1000, 100, 3, '2025-11-13 11:07:09'),
(1001, 101, 4, '2025-11-13 11:07:09'),
(1002, 101, 2, '2025-11-13 11:07:09'),
(1003, 101, 9, '2025-11-13 11:07:09'),
(1004, 101, 10, '2025-11-13 11:07:09'),
(1005, 101, 6, '2025-11-13 11:07:09'),
(1006, 101, 8, '2025-11-13 11:07:09'),
(1007, 101, 7, '2025-11-13 11:07:09'),
(1008, 101, 5, '2025-11-13 11:07:09'),
(1009, 101, 1, '2025-11-13 11:07:09'),
(1010, 101, 3, '2025-11-13 11:07:09'),
(1011, 102, 4, '2025-11-13 11:07:09'),
(1012, 102, 2, '2025-11-13 11:07:09'),
(1013, 102, 9, '2025-11-13 11:07:09'),
(1014, 102, 10, '2025-11-13 11:07:09'),
(1015, 102, 6, '2025-11-13 11:07:09'),
(1016, 102, 8, '2025-11-13 11:07:09'),
(1017, 102, 7, '2025-11-13 11:07:09'),
(1018, 102, 5, '2025-11-13 11:07:09'),
(1019, 102, 1, '2025-11-13 11:07:09'),
(1020, 102, 3, '2025-11-13 11:07:09'),
(1021, 103, 4, '2025-11-13 11:07:09'),
(1022, 103, 2, '2025-11-13 11:07:09'),
(1023, 103, 9, '2025-11-13 11:07:09'),
(1024, 103, 10, '2025-11-13 11:07:09'),
(1025, 103, 6, '2025-11-13 11:07:09'),
(1026, 103, 8, '2025-11-13 11:07:09'),
(1027, 103, 7, '2025-11-13 11:07:09'),
(1028, 103, 5, '2025-11-13 11:07:09'),
(1029, 103, 1, '2025-11-13 11:07:09'),
(1030, 103, 3, '2025-11-13 11:07:09'),
(1031, 104, 4, '2025-11-13 11:07:09'),
(1032, 104, 2, '2025-11-13 11:07:09'),
(1033, 104, 9, '2025-11-13 11:07:09'),
(1034, 104, 10, '2025-11-13 11:07:09'),
(1035, 104, 6, '2025-11-13 11:07:09'),
(1036, 104, 8, '2025-11-13 11:07:09'),
(1037, 104, 7, '2025-11-13 11:07:09'),
(1038, 104, 5, '2025-11-13 11:07:09'),
(1039, 104, 1, '2025-11-13 11:07:09'),
(1040, 104, 3, '2025-11-13 11:07:09'),
(1041, 105, 4, '2025-11-13 11:07:09'),
(1042, 105, 2, '2025-11-13 11:07:09'),
(1043, 105, 9, '2025-11-13 11:07:09'),
(1044, 105, 10, '2025-11-13 11:07:09'),
(1045, 105, 6, '2025-11-13 11:07:09'),
(1046, 105, 8, '2025-11-13 11:07:09'),
(1047, 105, 7, '2025-11-13 11:07:09'),
(1048, 105, 5, '2025-11-13 11:07:09'),
(1049, 105, 1, '2025-11-13 11:07:09'),
(1050, 105, 3, '2025-11-13 11:07:09'),
(1051, 106, 4, '2025-11-13 11:07:09'),
(1052, 106, 2, '2025-11-13 11:07:09'),
(1053, 106, 9, '2025-11-13 11:07:09'),
(1054, 106, 10, '2025-11-13 11:07:09'),
(1055, 106, 6, '2025-11-13 11:07:09'),
(1056, 106, 8, '2025-11-13 11:07:09'),
(1057, 106, 7, '2025-11-13 11:07:09'),
(1058, 106, 5, '2025-11-13 11:07:09'),
(1059, 106, 1, '2025-11-13 11:07:09'),
(1060, 106, 3, '2025-11-13 11:07:09'),
(1061, 107, 4, '2025-11-13 11:07:09'),
(1062, 107, 2, '2025-11-13 11:07:09'),
(1063, 107, 9, '2025-11-13 11:07:09'),
(1064, 107, 10, '2025-11-13 11:07:09'),
(1065, 107, 6, '2025-11-13 11:07:09'),
(1066, 107, 8, '2025-11-13 11:07:09'),
(1067, 107, 7, '2025-11-13 11:07:09'),
(1068, 107, 5, '2025-11-13 11:07:09'),
(1069, 107, 1, '2025-11-13 11:07:09'),
(1070, 107, 3, '2025-11-13 11:07:09'),
(1071, 108, 4, '2025-11-13 11:07:09'),
(1072, 108, 2, '2025-11-13 11:07:09'),
(1073, 108, 9, '2025-11-13 11:07:09'),
(1074, 108, 10, '2025-11-13 11:07:09'),
(1075, 108, 6, '2025-11-13 11:07:09'),
(1076, 108, 8, '2025-11-13 11:07:09'),
(1077, 108, 7, '2025-11-13 11:07:09'),
(1078, 108, 5, '2025-11-13 11:07:09'),
(1079, 108, 1, '2025-11-13 11:07:09'),
(1080, 108, 3, '2025-11-13 11:07:09'),
(1081, 109, 4, '2025-11-13 11:07:09'),
(1082, 109, 2, '2025-11-13 11:07:09'),
(1083, 109, 9, '2025-11-13 11:07:09'),
(1084, 109, 10, '2025-11-13 11:07:09'),
(1085, 109, 6, '2025-11-13 11:07:09'),
(1086, 109, 8, '2025-11-13 11:07:09'),
(1087, 109, 7, '2025-11-13 11:07:09'),
(1088, 109, 5, '2025-11-13 11:07:09'),
(1089, 109, 1, '2025-11-13 11:07:09'),
(1090, 109, 3, '2025-11-13 11:07:09'),
(1091, 110, 4, '2025-11-13 11:07:09'),
(1092, 110, 2, '2025-11-13 11:07:09'),
(1093, 110, 9, '2025-11-13 11:07:09'),
(1094, 110, 10, '2025-11-13 11:07:09'),
(1095, 110, 6, '2025-11-13 11:07:09'),
(1096, 110, 8, '2025-11-13 11:07:09'),
(1097, 110, 7, '2025-11-13 11:07:09'),
(1098, 110, 5, '2025-11-13 11:07:09'),
(1099, 110, 1, '2025-11-13 11:07:09'),
(1100, 110, 3, '2025-11-13 11:07:09'),
(1101, 111, 4, '2025-11-13 11:07:09'),
(1102, 111, 2, '2025-11-13 11:07:09'),
(1103, 111, 9, '2025-11-13 11:07:09'),
(1104, 111, 10, '2025-11-13 11:07:09'),
(1105, 111, 6, '2025-11-13 11:07:09'),
(1106, 111, 8, '2025-11-13 11:07:09'),
(1107, 111, 7, '2025-11-13 11:07:09'),
(1108, 111, 5, '2025-11-13 11:07:09'),
(1109, 111, 1, '2025-11-13 11:07:09'),
(1110, 111, 3, '2025-11-13 11:07:09'),
(1111, 112, 4, '2025-11-13 11:07:09'),
(1112, 112, 2, '2025-11-13 11:07:09'),
(1113, 112, 9, '2025-11-13 11:07:09'),
(1114, 112, 10, '2025-11-13 11:07:09'),
(1115, 112, 6, '2025-11-13 11:07:09'),
(1116, 112, 8, '2025-11-13 11:07:09'),
(1117, 112, 7, '2025-11-13 11:07:09'),
(1118, 112, 5, '2025-11-13 11:07:09'),
(1119, 112, 1, '2025-11-13 11:07:09'),
(1120, 112, 3, '2025-11-13 11:07:09'),
(1121, 113, 4, '2025-11-13 11:07:09'),
(1122, 113, 2, '2025-11-13 11:07:09'),
(1123, 113, 9, '2025-11-13 11:07:09'),
(1124, 113, 10, '2025-11-13 11:07:09'),
(1125, 113, 6, '2025-11-13 11:07:09'),
(1126, 113, 8, '2025-11-13 11:07:09'),
(1127, 113, 7, '2025-11-13 11:07:09'),
(1128, 113, 5, '2025-11-13 11:07:09'),
(1129, 113, 1, '2025-11-13 11:07:09'),
(1130, 113, 3, '2025-11-13 11:07:09'),
(1131, 114, 4, '2025-11-13 11:07:09'),
(1132, 114, 2, '2025-11-13 11:07:09'),
(1133, 114, 9, '2025-11-13 11:07:09'),
(1134, 114, 10, '2025-11-13 11:07:09'),
(1135, 114, 6, '2025-11-13 11:07:09'),
(1136, 114, 8, '2025-11-13 11:07:09'),
(1137, 114, 7, '2025-11-13 11:07:09'),
(1138, 114, 5, '2025-11-13 11:07:09'),
(1139, 114, 1, '2025-11-13 11:07:09'),
(1140, 114, 3, '2025-11-13 11:07:09'),
(1141, 115, 4, '2025-11-13 11:07:09'),
(1142, 115, 2, '2025-11-13 11:07:09'),
(1143, 115, 9, '2025-11-13 11:07:09'),
(1144, 115, 10, '2025-11-13 11:07:09'),
(1145, 115, 6, '2025-11-13 11:07:09'),
(1146, 115, 8, '2025-11-13 11:07:09'),
(1147, 115, 7, '2025-11-13 11:07:09'),
(1148, 115, 5, '2025-11-13 11:07:09'),
(1149, 115, 1, '2025-11-13 11:07:09'),
(1150, 115, 3, '2025-11-13 11:07:09'),
(1151, 116, 4, '2025-11-13 11:07:09'),
(1152, 116, 2, '2025-11-13 11:07:09'),
(1153, 116, 9, '2025-11-13 11:07:09'),
(1154, 116, 10, '2025-11-13 11:07:09'),
(1155, 116, 6, '2025-11-13 11:07:09'),
(1156, 116, 8, '2025-11-13 11:07:09'),
(1157, 116, 7, '2025-11-13 11:07:09'),
(1158, 116, 5, '2025-11-13 11:07:09'),
(1159, 116, 1, '2025-11-13 11:07:09'),
(1160, 116, 3, '2025-11-13 11:07:09'),
(1161, 117, 4, '2025-11-13 11:07:09'),
(1162, 117, 2, '2025-11-13 11:07:09'),
(1163, 117, 9, '2025-11-13 11:07:09'),
(1164, 117, 10, '2025-11-13 11:07:09'),
(1165, 117, 6, '2025-11-13 11:07:09'),
(1166, 117, 8, '2025-11-13 11:07:09'),
(1167, 117, 7, '2025-11-13 11:07:09'),
(1168, 117, 5, '2025-11-13 11:07:09'),
(1169, 117, 1, '2025-11-13 11:07:09'),
(1170, 117, 3, '2025-11-13 11:07:09'),
(1171, 118, 4, '2025-11-13 11:07:09'),
(1172, 118, 2, '2025-11-13 11:07:09'),
(1173, 118, 9, '2025-11-13 11:07:09'),
(1174, 118, 10, '2025-11-13 11:07:09'),
(1175, 118, 6, '2025-11-13 11:07:09'),
(1176, 118, 8, '2025-11-13 11:07:09'),
(1177, 118, 7, '2025-11-13 11:07:09'),
(1178, 118, 5, '2025-11-13 11:07:09'),
(1179, 118, 1, '2025-11-13 11:07:09'),
(1180, 118, 3, '2025-11-13 11:07:09'),
(1181, 119, 4, '2025-11-13 11:07:09'),
(1182, 119, 2, '2025-11-13 11:07:09'),
(1183, 119, 9, '2025-11-13 11:07:09'),
(1184, 119, 10, '2025-11-13 11:07:09'),
(1185, 119, 6, '2025-11-13 11:07:09'),
(1186, 119, 8, '2025-11-13 11:07:09'),
(1187, 119, 7, '2025-11-13 11:07:09'),
(1188, 119, 5, '2025-11-13 11:07:09'),
(1189, 119, 1, '2025-11-13 11:07:09'),
(1190, 119, 3, '2025-11-13 11:07:09'),
(1191, 120, 4, '2025-11-13 11:07:09'),
(1192, 120, 2, '2025-11-13 11:07:09'),
(1193, 120, 9, '2025-11-13 11:07:09'),
(1194, 120, 10, '2025-11-13 11:07:09'),
(1195, 120, 6, '2025-11-13 11:07:09'),
(1196, 120, 8, '2025-11-13 11:07:09'),
(1197, 120, 7, '2025-11-13 11:07:09'),
(1198, 120, 5, '2025-11-13 11:07:09'),
(1199, 120, 1, '2025-11-13 11:07:09'),
(1200, 120, 3, '2025-11-13 11:07:09'),
(1201, 121, 4, '2025-11-13 11:07:09'),
(1202, 121, 2, '2025-11-13 11:07:09'),
(1203, 121, 9, '2025-11-13 11:07:09'),
(1204, 121, 10, '2025-11-13 11:07:09'),
(1205, 121, 6, '2025-11-13 11:07:09'),
(1206, 121, 8, '2025-11-13 11:07:09'),
(1207, 121, 7, '2025-11-13 11:07:09'),
(1208, 121, 5, '2025-11-13 11:07:09'),
(1209, 121, 1, '2025-11-13 11:07:09'),
(1210, 121, 3, '2025-11-13 11:07:09'),
(1211, 122, 4, '2025-11-13 11:07:09'),
(1212, 122, 2, '2025-11-13 11:07:09'),
(1213, 122, 9, '2025-11-13 11:07:09'),
(1214, 122, 10, '2025-11-13 11:07:09'),
(1215, 122, 6, '2025-11-13 11:07:09'),
(1216, 122, 8, '2025-11-13 11:07:09'),
(1217, 122, 7, '2025-11-13 11:07:09'),
(1218, 122, 5, '2025-11-13 11:07:09'),
(1219, 122, 1, '2025-11-13 11:07:09'),
(1220, 122, 3, '2025-11-13 11:07:09'),
(1221, 123, 4, '2025-11-13 11:07:09'),
(1222, 123, 2, '2025-11-13 11:07:09'),
(1223, 123, 9, '2025-11-13 11:07:09'),
(1224, 123, 10, '2025-11-13 11:07:09'),
(1225, 123, 6, '2025-11-13 11:07:09'),
(1226, 123, 8, '2025-11-13 11:07:09'),
(1227, 123, 7, '2025-11-13 11:07:09'),
(1228, 123, 5, '2025-11-13 11:07:09'),
(1229, 123, 1, '2025-11-13 11:07:09'),
(1230, 123, 3, '2025-11-13 11:07:09'),
(1231, 124, 4, '2025-11-13 11:07:09'),
(1232, 124, 2, '2025-11-13 11:07:09'),
(1233, 124, 9, '2025-11-13 11:07:09'),
(1234, 124, 10, '2025-11-13 11:07:09'),
(1235, 124, 6, '2025-11-13 11:07:09'),
(1236, 124, 8, '2025-11-13 11:07:09'),
(1237, 124, 7, '2025-11-13 11:07:09'),
(1238, 124, 5, '2025-11-13 11:07:09'),
(1239, 124, 1, '2025-11-13 11:07:09'),
(1240, 124, 3, '2025-11-13 11:07:09'),
(1241, 125, 4, '2025-11-13 11:07:09'),
(1242, 125, 2, '2025-11-13 11:07:09'),
(1243, 125, 9, '2025-11-13 11:07:09'),
(1244, 125, 10, '2025-11-13 11:07:09'),
(1245, 125, 6, '2025-11-13 11:07:09'),
(1246, 125, 8, '2025-11-13 11:07:09'),
(1247, 125, 7, '2025-11-13 11:07:09'),
(1248, 125, 5, '2025-11-13 11:07:09'),
(1249, 125, 1, '2025-11-13 11:07:09'),
(1250, 125, 3, '2025-11-13 11:07:09'),
(1251, 126, 4, '2025-11-13 11:07:09'),
(1252, 126, 2, '2025-11-13 11:07:09'),
(1253, 126, 9, '2025-11-13 11:07:09'),
(1254, 126, 10, '2025-11-13 11:07:09'),
(1255, 126, 6, '2025-11-13 11:07:09'),
(1256, 126, 8, '2025-11-13 11:07:09'),
(1257, 126, 7, '2025-11-13 11:07:09'),
(1258, 126, 5, '2025-11-13 11:07:09'),
(1259, 126, 1, '2025-11-13 11:07:09'),
(1260, 126, 3, '2025-11-13 11:07:09'),
(1261, 127, 4, '2025-11-13 11:07:09'),
(1262, 127, 2, '2025-11-13 11:07:09'),
(1263, 127, 9, '2025-11-13 11:07:09'),
(1264, 127, 10, '2025-11-13 11:07:09'),
(1265, 127, 6, '2025-11-13 11:07:09'),
(1266, 127, 8, '2025-11-13 11:07:09'),
(1267, 127, 7, '2025-11-13 11:07:09'),
(1268, 127, 5, '2025-11-13 11:07:09'),
(1269, 127, 1, '2025-11-13 11:07:09'),
(1270, 127, 3, '2025-11-13 11:07:09'),
(1271, 128, 4, '2025-11-13 11:07:09'),
(1272, 128, 2, '2025-11-13 11:07:09'),
(1273, 128, 9, '2025-11-13 11:07:09'),
(1274, 128, 10, '2025-11-13 11:07:09'),
(1275, 128, 6, '2025-11-13 11:07:09'),
(1276, 128, 8, '2025-11-13 11:07:09'),
(1277, 128, 7, '2025-11-13 11:07:09'),
(1278, 128, 5, '2025-11-13 11:07:09'),
(1279, 128, 1, '2025-11-13 11:07:09'),
(1280, 128, 3, '2025-11-13 11:07:09'),
(1281, 129, 4, '2025-11-13 11:07:09'),
(1282, 129, 2, '2025-11-13 11:07:09'),
(1283, 129, 9, '2025-11-13 11:07:09'),
(1284, 129, 10, '2025-11-13 11:07:09'),
(1285, 129, 6, '2025-11-13 11:07:09'),
(1286, 129, 8, '2025-11-13 11:07:09'),
(1287, 129, 7, '2025-11-13 11:07:09'),
(1288, 129, 5, '2025-11-13 11:07:09'),
(1289, 129, 1, '2025-11-13 11:07:09'),
(1290, 129, 3, '2025-11-13 11:07:09'),
(1291, 130, 4, '2025-11-13 11:07:09'),
(1292, 130, 2, '2025-11-13 11:07:09'),
(1293, 130, 9, '2025-11-13 11:07:09'),
(1294, 130, 10, '2025-11-13 11:07:09'),
(1295, 130, 6, '2025-11-13 11:07:09'),
(1296, 130, 8, '2025-11-13 11:07:09'),
(1297, 130, 7, '2025-11-13 11:07:09'),
(1298, 130, 5, '2025-11-13 11:07:09'),
(1299, 130, 1, '2025-11-13 11:07:09'),
(1300, 130, 3, '2025-11-13 11:07:09'),
(1301, 131, 4, '2025-11-13 11:07:09'),
(1302, 131, 2, '2025-11-13 11:07:09'),
(1303, 131, 9, '2025-11-13 11:07:09'),
(1304, 131, 10, '2025-11-13 11:07:09'),
(1305, 131, 6, '2025-11-13 11:07:09'),
(1306, 131, 8, '2025-11-13 11:07:09'),
(1307, 131, 7, '2025-11-13 11:07:09'),
(1308, 131, 5, '2025-11-13 11:07:09'),
(1309, 131, 1, '2025-11-13 11:07:09'),
(1310, 131, 3, '2025-11-13 11:07:09'),
(1311, 132, 4, '2025-11-13 11:07:09'),
(1312, 132, 2, '2025-11-13 11:07:09'),
(1313, 132, 9, '2025-11-13 11:07:09'),
(1314, 132, 10, '2025-11-13 11:07:09'),
(1315, 132, 6, '2025-11-13 11:07:09'),
(1316, 132, 8, '2025-11-13 11:07:09'),
(1317, 132, 7, '2025-11-13 11:07:09'),
(1318, 132, 5, '2025-11-13 11:07:09'),
(1319, 132, 1, '2025-11-13 11:07:09'),
(1320, 132, 3, '2025-11-13 11:07:09'),
(1321, 133, 4, '2025-11-13 11:07:09'),
(1322, 133, 2, '2025-11-13 11:07:09'),
(1323, 133, 9, '2025-11-13 11:07:09'),
(1324, 133, 10, '2025-11-13 11:07:09'),
(1325, 133, 6, '2025-11-13 11:07:09'),
(1326, 133, 8, '2025-11-13 11:07:09'),
(1327, 133, 7, '2025-11-13 11:07:09'),
(1328, 133, 5, '2025-11-13 11:07:09'),
(1329, 133, 1, '2025-11-13 11:07:09'),
(1330, 133, 3, '2025-11-13 11:07:09'),
(1331, 134, 4, '2025-11-13 11:07:09'),
(1332, 134, 2, '2025-11-13 11:07:09'),
(1333, 134, 9, '2025-11-13 11:07:09'),
(1334, 134, 10, '2025-11-13 11:07:09'),
(1335, 134, 6, '2025-11-13 11:07:09'),
(1336, 134, 8, '2025-11-13 11:07:09'),
(1337, 134, 7, '2025-11-13 11:07:09'),
(1338, 134, 5, '2025-11-13 11:07:09'),
(1339, 134, 1, '2025-11-13 11:07:09'),
(1340, 134, 3, '2025-11-13 11:07:09'),
(1341, 135, 4, '2025-11-13 11:07:09'),
(1342, 135, 2, '2025-11-13 11:07:09'),
(1343, 135, 9, '2025-11-13 11:07:09'),
(1344, 135, 10, '2025-11-13 11:07:09'),
(1345, 135, 6, '2025-11-13 11:07:09'),
(1346, 135, 8, '2025-11-13 11:07:09'),
(1347, 135, 7, '2025-11-13 11:07:09'),
(1348, 135, 5, '2025-11-13 11:07:09'),
(1349, 135, 1, '2025-11-13 11:07:09'),
(1350, 135, 3, '2025-11-13 11:07:09'),
(1351, 136, 4, '2025-11-13 11:07:09'),
(1352, 136, 2, '2025-11-13 11:07:09'),
(1353, 136, 9, '2025-11-13 11:07:09'),
(1354, 136, 10, '2025-11-13 11:07:09'),
(1355, 136, 6, '2025-11-13 11:07:09'),
(1356, 136, 8, '2025-11-13 11:07:09'),
(1357, 136, 7, '2025-11-13 11:07:09'),
(1358, 136, 5, '2025-11-13 11:07:09'),
(1359, 136, 1, '2025-11-13 11:07:09'),
(1360, 136, 3, '2025-11-13 11:07:09'),
(1361, 137, 4, '2025-11-13 11:07:09'),
(1362, 137, 2, '2025-11-13 11:07:09'),
(1363, 137, 9, '2025-11-13 11:07:09'),
(1364, 137, 10, '2025-11-13 11:07:09'),
(1365, 137, 6, '2025-11-13 11:07:09'),
(1366, 137, 8, '2025-11-13 11:07:09'),
(1367, 137, 7, '2025-11-13 11:07:09'),
(1368, 137, 5, '2025-11-13 11:07:09'),
(1369, 137, 1, '2025-11-13 11:07:09'),
(1370, 137, 3, '2025-11-13 11:07:09'),
(1371, 138, 4, '2025-11-13 11:07:09'),
(1372, 138, 2, '2025-11-13 11:07:09'),
(1373, 138, 9, '2025-11-13 11:07:09'),
(1374, 138, 10, '2025-11-13 11:07:09'),
(1375, 138, 6, '2025-11-13 11:07:09'),
(1376, 138, 8, '2025-11-13 11:07:09'),
(1377, 138, 7, '2025-11-13 11:07:09'),
(1378, 138, 5, '2025-11-13 11:07:09'),
(1379, 138, 1, '2025-11-13 11:07:09'),
(1380, 138, 3, '2025-11-13 11:07:09'),
(1381, 139, 4, '2025-11-13 11:07:09'),
(1382, 139, 2, '2025-11-13 11:07:09'),
(1383, 139, 9, '2025-11-13 11:07:09'),
(1384, 139, 10, '2025-11-13 11:07:09'),
(1385, 139, 6, '2025-11-13 11:07:09'),
(1386, 139, 8, '2025-11-13 11:07:09'),
(1387, 139, 7, '2025-11-13 11:07:09'),
(1388, 139, 5, '2025-11-13 11:07:09'),
(1389, 139, 1, '2025-11-13 11:07:09'),
(1390, 139, 3, '2025-11-13 11:07:09'),
(1391, 140, 4, '2025-11-13 11:07:09'),
(1392, 140, 2, '2025-11-13 11:07:09'),
(1393, 140, 9, '2025-11-13 11:07:09'),
(1394, 140, 10, '2025-11-13 11:07:09'),
(1395, 140, 6, '2025-11-13 11:07:09'),
(1396, 140, 8, '2025-11-13 11:07:09'),
(1397, 140, 7, '2025-11-13 11:07:09'),
(1398, 140, 5, '2025-11-13 11:07:09'),
(1399, 140, 1, '2025-11-13 11:07:09'),
(1400, 140, 3, '2025-11-13 11:07:09'),
(1401, 141, 4, '2025-11-13 11:07:09'),
(1402, 141, 2, '2025-11-13 11:07:09'),
(1403, 141, 9, '2025-11-13 11:07:09');
INSERT INTO `student_subjects` (`mapping_id`, `student_id`, `subject_id`, `enrollment_date`) VALUES
(1404, 141, 10, '2025-11-13 11:07:09'),
(1405, 141, 6, '2025-11-13 11:07:09'),
(1406, 141, 8, '2025-11-13 11:07:09'),
(1407, 141, 7, '2025-11-13 11:07:09'),
(1408, 141, 5, '2025-11-13 11:07:09'),
(1409, 141, 1, '2025-11-13 11:07:09'),
(1410, 141, 3, '2025-11-13 11:07:09'),
(1411, 142, 4, '2025-11-13 11:07:09'),
(1412, 142, 2, '2025-11-13 11:07:09'),
(1413, 142, 9, '2025-11-13 11:07:09'),
(1414, 142, 10, '2025-11-13 11:07:09'),
(1415, 142, 6, '2025-11-13 11:07:09'),
(1416, 142, 8, '2025-11-13 11:07:09'),
(1417, 142, 7, '2025-11-13 11:07:09'),
(1418, 142, 5, '2025-11-13 11:07:09'),
(1419, 142, 1, '2025-11-13 11:07:09'),
(1420, 142, 3, '2025-11-13 11:07:09'),
(1421, 143, 4, '2025-11-13 11:07:09'),
(1422, 143, 2, '2025-11-13 11:07:09'),
(1423, 143, 9, '2025-11-13 11:07:09'),
(1424, 143, 10, '2025-11-13 11:07:09'),
(1425, 143, 6, '2025-11-13 11:07:09'),
(1426, 143, 8, '2025-11-13 11:07:09'),
(1427, 143, 7, '2025-11-13 11:07:09'),
(1428, 143, 5, '2025-11-13 11:07:09'),
(1429, 143, 1, '2025-11-13 11:07:09'),
(1430, 143, 3, '2025-11-13 11:07:09'),
(1431, 144, 4, '2025-11-13 11:07:09'),
(1432, 144, 2, '2025-11-13 11:07:09'),
(1433, 144, 9, '2025-11-13 11:07:09'),
(1434, 144, 10, '2025-11-13 11:07:09'),
(1435, 144, 6, '2025-11-13 11:07:09'),
(1436, 144, 8, '2025-11-13 11:07:09'),
(1437, 144, 7, '2025-11-13 11:07:09'),
(1438, 144, 5, '2025-11-13 11:07:09'),
(1439, 144, 1, '2025-11-13 11:07:09'),
(1440, 144, 3, '2025-11-13 11:07:09'),
(1441, 145, 4, '2025-11-13 11:07:09'),
(1442, 145, 2, '2025-11-13 11:07:09'),
(1443, 145, 9, '2025-11-13 11:07:09'),
(1444, 145, 10, '2025-11-13 11:07:09'),
(1445, 145, 6, '2025-11-13 11:07:09'),
(1446, 145, 8, '2025-11-13 11:07:09'),
(1447, 145, 7, '2025-11-13 11:07:09'),
(1448, 145, 5, '2025-11-13 11:07:09'),
(1449, 145, 1, '2025-11-13 11:07:09'),
(1450, 145, 3, '2025-11-13 11:07:09'),
(1451, 146, 4, '2025-11-13 11:07:09'),
(1452, 146, 2, '2025-11-13 11:07:09'),
(1453, 146, 9, '2025-11-13 11:07:09'),
(1454, 146, 10, '2025-11-13 11:07:09'),
(1455, 146, 6, '2025-11-13 11:07:09'),
(1456, 146, 8, '2025-11-13 11:07:09'),
(1457, 146, 7, '2025-11-13 11:07:09'),
(1458, 146, 5, '2025-11-13 11:07:09'),
(1459, 146, 1, '2025-11-13 11:07:09'),
(1460, 146, 3, '2025-11-13 11:07:09'),
(1461, 147, 4, '2025-11-13 11:07:09'),
(1462, 147, 2, '2025-11-13 11:07:09'),
(1463, 147, 9, '2025-11-13 11:07:09'),
(1464, 147, 10, '2025-11-13 11:07:09'),
(1465, 147, 6, '2025-11-13 11:07:09'),
(1466, 147, 8, '2025-11-13 11:07:09'),
(1467, 147, 7, '2025-11-13 11:07:09'),
(1468, 147, 5, '2025-11-13 11:07:09'),
(1469, 147, 1, '2025-11-13 11:07:09'),
(1470, 147, 3, '2025-11-13 11:07:09'),
(1471, 148, 4, '2025-11-13 11:07:09'),
(1472, 148, 2, '2025-11-13 11:07:09'),
(1473, 148, 9, '2025-11-13 11:07:09'),
(1474, 148, 10, '2025-11-13 11:07:09'),
(1475, 148, 6, '2025-11-13 11:07:09'),
(1476, 148, 8, '2025-11-13 11:07:09'),
(1477, 148, 7, '2025-11-13 11:07:09'),
(1478, 148, 5, '2025-11-13 11:07:09'),
(1479, 148, 1, '2025-11-13 11:07:09'),
(1480, 148, 3, '2025-11-13 11:07:09'),
(1481, 149, 4, '2025-11-13 11:07:09'),
(1482, 149, 2, '2025-11-13 11:07:09'),
(1483, 149, 9, '2025-11-13 11:07:09'),
(1484, 149, 10, '2025-11-13 11:07:09'),
(1485, 149, 6, '2025-11-13 11:07:09'),
(1486, 149, 8, '2025-11-13 11:07:09'),
(1487, 149, 7, '2025-11-13 11:07:09'),
(1488, 149, 5, '2025-11-13 11:07:09'),
(1489, 149, 1, '2025-11-13 11:07:09'),
(1490, 149, 3, '2025-11-13 11:07:09'),
(1491, 150, 4, '2025-11-13 11:07:09'),
(1492, 150, 2, '2025-11-13 11:07:09'),
(1493, 150, 9, '2025-11-13 11:07:09'),
(1494, 150, 10, '2025-11-13 11:07:09'),
(1495, 150, 6, '2025-11-13 11:07:09'),
(1496, 150, 8, '2025-11-13 11:07:09'),
(1497, 150, 7, '2025-11-13 11:07:09'),
(1498, 150, 5, '2025-11-13 11:07:09'),
(1499, 150, 1, '2025-11-13 11:07:09'),
(1500, 150, 3, '2025-11-13 11:07:09'),
(1501, 151, 4, '2025-11-13 11:07:09'),
(1502, 151, 2, '2025-11-13 11:07:09'),
(1503, 151, 9, '2025-11-13 11:07:09'),
(1504, 151, 10, '2025-11-13 11:07:09'),
(1505, 151, 6, '2025-11-13 11:07:09'),
(1506, 151, 8, '2025-11-13 11:07:09'),
(1507, 151, 7, '2025-11-13 11:07:09'),
(1508, 151, 5, '2025-11-13 11:07:09'),
(1509, 151, 1, '2025-11-13 11:07:09'),
(1510, 151, 3, '2025-11-13 11:07:09'),
(1511, 152, 4, '2025-11-13 11:07:09'),
(1512, 152, 2, '2025-11-13 11:07:09'),
(1513, 152, 9, '2025-11-13 11:07:09'),
(1514, 152, 10, '2025-11-13 11:07:09'),
(1515, 152, 6, '2025-11-13 11:07:09'),
(1516, 152, 8, '2025-11-13 11:07:09'),
(1517, 152, 7, '2025-11-13 11:07:09'),
(1518, 152, 5, '2025-11-13 11:07:09'),
(1519, 152, 1, '2025-11-13 11:07:09'),
(1520, 152, 3, '2025-11-13 11:07:09'),
(1521, 153, 4, '2025-11-13 11:07:09'),
(1522, 153, 2, '2025-11-13 11:07:09'),
(1523, 153, 9, '2025-11-13 11:07:09'),
(1524, 153, 10, '2025-11-13 11:07:09'),
(1525, 153, 6, '2025-11-13 11:07:09'),
(1526, 153, 8, '2025-11-13 11:07:09'),
(1527, 153, 7, '2025-11-13 11:07:09'),
(1528, 153, 5, '2025-11-13 11:07:09'),
(1529, 153, 1, '2025-11-13 11:07:09'),
(1530, 153, 3, '2025-11-13 11:07:09'),
(1531, 154, 4, '2025-11-13 11:07:09'),
(1532, 154, 2, '2025-11-13 11:07:09'),
(1533, 154, 9, '2025-11-13 11:07:09'),
(1534, 154, 10, '2025-11-13 11:07:09'),
(1535, 154, 6, '2025-11-13 11:07:09'),
(1536, 154, 8, '2025-11-13 11:07:09'),
(1537, 154, 7, '2025-11-13 11:07:09'),
(1538, 154, 5, '2025-11-13 11:07:09'),
(1539, 154, 1, '2025-11-13 11:07:09'),
(1540, 154, 3, '2025-11-13 11:07:09'),
(1541, 155, 4, '2025-11-13 11:07:09'),
(1542, 155, 2, '2025-11-13 11:07:09'),
(1543, 155, 9, '2025-11-13 11:07:09'),
(1544, 155, 10, '2025-11-13 11:07:09'),
(1545, 155, 6, '2025-11-13 11:07:09'),
(1546, 155, 8, '2025-11-13 11:07:09'),
(1547, 155, 7, '2025-11-13 11:07:09'),
(1548, 155, 5, '2025-11-13 11:07:09'),
(1549, 155, 1, '2025-11-13 11:07:09'),
(1550, 155, 3, '2025-11-13 11:07:09'),
(1551, 156, 4, '2025-11-13 11:07:09'),
(1552, 156, 2, '2025-11-13 11:07:09'),
(1553, 156, 9, '2025-11-13 11:07:09'),
(1554, 156, 10, '2025-11-13 11:07:09'),
(1555, 156, 6, '2025-11-13 11:07:09'),
(1556, 156, 8, '2025-11-13 11:07:09'),
(1557, 156, 7, '2025-11-13 11:07:09'),
(1558, 156, 5, '2025-11-13 11:07:09'),
(1559, 156, 1, '2025-11-13 11:07:09'),
(1560, 156, 3, '2025-11-13 11:07:09'),
(1561, 157, 4, '2025-11-13 11:07:09'),
(1562, 157, 2, '2025-11-13 11:07:09'),
(1563, 157, 9, '2025-11-13 11:07:09'),
(1564, 157, 10, '2025-11-13 11:07:09'),
(1565, 157, 6, '2025-11-13 11:07:09'),
(1566, 157, 8, '2025-11-13 11:07:09'),
(1567, 157, 7, '2025-11-13 11:07:09'),
(1568, 157, 5, '2025-11-13 11:07:09'),
(1569, 157, 1, '2025-11-13 11:07:09'),
(1570, 157, 3, '2025-11-13 11:07:09'),
(1571, 158, 4, '2025-11-13 11:07:09'),
(1572, 158, 2, '2025-11-13 11:07:09'),
(1573, 158, 9, '2025-11-13 11:07:09'),
(1574, 158, 10, '2025-11-13 11:07:09'),
(1575, 158, 6, '2025-11-13 11:07:09'),
(1576, 158, 8, '2025-11-13 11:07:09'),
(1577, 158, 7, '2025-11-13 11:07:09'),
(1578, 158, 5, '2025-11-13 11:07:09'),
(1579, 158, 1, '2025-11-13 11:07:09'),
(1580, 158, 3, '2025-11-13 11:07:09'),
(1581, 159, 4, '2025-11-13 11:07:09'),
(1582, 159, 2, '2025-11-13 11:07:09'),
(1583, 159, 9, '2025-11-13 11:07:09'),
(1584, 159, 10, '2025-11-13 11:07:09'),
(1585, 159, 6, '2025-11-13 11:07:09'),
(1586, 159, 8, '2025-11-13 11:07:09'),
(1587, 159, 7, '2025-11-13 11:07:09'),
(1588, 159, 5, '2025-11-13 11:07:09'),
(1589, 159, 1, '2025-11-13 11:07:09'),
(1590, 159, 3, '2025-11-13 11:07:09'),
(1591, 160, 4, '2025-11-13 11:07:09'),
(1592, 160, 2, '2025-11-13 11:07:09'),
(1593, 160, 9, '2025-11-13 11:07:09'),
(1594, 160, 10, '2025-11-13 11:07:09'),
(1595, 160, 6, '2025-11-13 11:07:09'),
(1596, 160, 8, '2025-11-13 11:07:09'),
(1597, 160, 7, '2025-11-13 11:07:09'),
(1598, 160, 5, '2025-11-13 11:07:09'),
(1599, 160, 1, '2025-11-13 11:07:09'),
(1600, 160, 3, '2025-11-13 11:07:09'),
(1601, 161, 4, '2025-11-13 11:07:09'),
(1602, 161, 2, '2025-11-13 11:07:09'),
(1603, 161, 9, '2025-11-13 11:07:09'),
(1604, 161, 10, '2025-11-13 11:07:09'),
(1605, 161, 6, '2025-11-13 11:07:09'),
(1606, 161, 8, '2025-11-13 11:07:09'),
(1607, 161, 7, '2025-11-13 11:07:09'),
(1608, 161, 5, '2025-11-13 11:07:09'),
(1609, 161, 1, '2025-11-13 11:07:09'),
(1610, 161, 3, '2025-11-13 11:07:09'),
(1611, 162, 4, '2025-11-13 11:07:09'),
(1612, 162, 2, '2025-11-13 11:07:09'),
(1613, 162, 9, '2025-11-13 11:07:09'),
(1614, 162, 10, '2025-11-13 11:07:09'),
(1615, 162, 6, '2025-11-13 11:07:09'),
(1616, 162, 8, '2025-11-13 11:07:09'),
(1617, 162, 7, '2025-11-13 11:07:09'),
(1618, 162, 5, '2025-11-13 11:07:09'),
(1619, 162, 1, '2025-11-13 11:07:09'),
(1620, 162, 3, '2025-11-13 11:07:09'),
(1621, 163, 4, '2025-11-13 11:07:09'),
(1622, 163, 2, '2025-11-13 11:07:09'),
(1623, 163, 9, '2025-11-13 11:07:09'),
(1624, 163, 10, '2025-11-13 11:07:09'),
(1625, 163, 6, '2025-11-13 11:07:09'),
(1626, 163, 8, '2025-11-13 11:07:09'),
(1627, 163, 7, '2025-11-13 11:07:09'),
(1628, 163, 5, '2025-11-13 11:07:09'),
(1629, 163, 1, '2025-11-13 11:07:09'),
(1630, 163, 3, '2025-11-13 11:07:09'),
(1631, 164, 4, '2025-11-13 11:07:09'),
(1632, 164, 2, '2025-11-13 11:07:09'),
(1633, 164, 9, '2025-11-13 11:07:09'),
(1634, 164, 10, '2025-11-13 11:07:09'),
(1635, 164, 6, '2025-11-13 11:07:09'),
(1636, 164, 8, '2025-11-13 11:07:09'),
(1637, 164, 7, '2025-11-13 11:07:09'),
(1638, 164, 5, '2025-11-13 11:07:09'),
(1639, 164, 1, '2025-11-13 11:07:09'),
(1640, 164, 3, '2025-11-13 11:07:09'),
(1641, 165, 4, '2025-11-13 11:07:09'),
(1642, 165, 2, '2025-11-13 11:07:09'),
(1643, 165, 9, '2025-11-13 11:07:09'),
(1644, 165, 10, '2025-11-13 11:07:09'),
(1645, 165, 6, '2025-11-13 11:07:09'),
(1646, 165, 8, '2025-11-13 11:07:09'),
(1647, 165, 7, '2025-11-13 11:07:09'),
(1648, 165, 5, '2025-11-13 11:07:09'),
(1649, 165, 1, '2025-11-13 11:07:09'),
(1650, 165, 3, '2025-11-13 11:07:09'),
(1651, 166, 4, '2025-11-13 11:07:09'),
(1652, 166, 2, '2025-11-13 11:07:09'),
(1653, 166, 9, '2025-11-13 11:07:09'),
(1654, 166, 10, '2025-11-13 11:07:09'),
(1655, 166, 6, '2025-11-13 11:07:09'),
(1656, 166, 8, '2025-11-13 11:07:09'),
(1657, 166, 7, '2025-11-13 11:07:09'),
(1658, 166, 5, '2025-11-13 11:07:09'),
(1659, 166, 1, '2025-11-13 11:07:09'),
(1660, 166, 3, '2025-11-13 11:07:09'),
(1661, 167, 4, '2025-11-13 11:07:09'),
(1662, 167, 2, '2025-11-13 11:07:09'),
(1663, 167, 9, '2025-11-13 11:07:09'),
(1664, 167, 10, '2025-11-13 11:07:09'),
(1665, 167, 6, '2025-11-13 11:07:09'),
(1666, 167, 8, '2025-11-13 11:07:09'),
(1667, 167, 7, '2025-11-13 11:07:09'),
(1668, 167, 5, '2025-11-13 11:07:09'),
(1669, 167, 1, '2025-11-13 11:07:09'),
(1670, 167, 3, '2025-11-13 11:07:09'),
(1671, 168, 4, '2025-11-13 11:07:09'),
(1672, 168, 2, '2025-11-13 11:07:09'),
(1673, 168, 9, '2025-11-13 11:07:09'),
(1674, 168, 10, '2025-11-13 11:07:09'),
(1675, 168, 6, '2025-11-13 11:07:09'),
(1676, 168, 8, '2025-11-13 11:07:09'),
(1677, 168, 7, '2025-11-13 11:07:09'),
(1678, 168, 5, '2025-11-13 11:07:09'),
(1679, 168, 1, '2025-11-13 11:07:09'),
(1680, 168, 3, '2025-11-13 11:07:09'),
(1681, 169, 4, '2025-11-13 11:07:09'),
(1682, 169, 2, '2025-11-13 11:07:09'),
(1683, 169, 9, '2025-11-13 11:07:09'),
(1684, 169, 10, '2025-11-13 11:07:09'),
(1685, 169, 6, '2025-11-13 11:07:09'),
(1686, 169, 8, '2025-11-13 11:07:09'),
(1687, 169, 7, '2025-11-13 11:07:09'),
(1688, 169, 5, '2025-11-13 11:07:09'),
(1689, 169, 1, '2025-11-13 11:07:09'),
(1690, 169, 3, '2025-11-13 11:07:09'),
(1691, 170, 4, '2025-11-13 11:07:09'),
(1692, 170, 2, '2025-11-13 11:07:09'),
(1693, 170, 9, '2025-11-13 11:07:09'),
(1694, 170, 10, '2025-11-13 11:07:09'),
(1695, 170, 6, '2025-11-13 11:07:09'),
(1696, 170, 8, '2025-11-13 11:07:09'),
(1697, 170, 7, '2025-11-13 11:07:09'),
(1698, 170, 5, '2025-11-13 11:07:09'),
(1699, 170, 1, '2025-11-13 11:07:09'),
(1700, 170, 3, '2025-11-13 11:07:09'),
(1701, 171, 4, '2025-11-13 11:07:09'),
(1702, 171, 2, '2025-11-13 11:07:09'),
(1703, 171, 9, '2025-11-13 11:07:09'),
(1704, 171, 10, '2025-11-13 11:07:09'),
(1705, 171, 6, '2025-11-13 11:07:09'),
(1706, 171, 8, '2025-11-13 11:07:09'),
(1707, 171, 7, '2025-11-13 11:07:09'),
(1708, 171, 5, '2025-11-13 11:07:09'),
(1709, 171, 1, '2025-11-13 11:07:09'),
(1710, 171, 3, '2025-11-13 11:07:09'),
(1711, 172, 4, '2025-11-13 11:07:09'),
(1712, 172, 2, '2025-11-13 11:07:09'),
(1713, 172, 9, '2025-11-13 11:07:09'),
(1714, 172, 10, '2025-11-13 11:07:09'),
(1715, 172, 6, '2025-11-13 11:07:09'),
(1716, 172, 8, '2025-11-13 11:07:09'),
(1717, 172, 7, '2025-11-13 11:07:09'),
(1718, 172, 5, '2025-11-13 11:07:09'),
(1719, 172, 1, '2025-11-13 11:07:09'),
(1720, 172, 3, '2025-11-13 11:07:09'),
(1721, 173, 4, '2025-11-13 11:07:09'),
(1722, 173, 2, '2025-11-13 11:07:09'),
(1723, 173, 9, '2025-11-13 11:07:09'),
(1724, 173, 10, '2025-11-13 11:07:09'),
(1725, 173, 6, '2025-11-13 11:07:09'),
(1726, 173, 8, '2025-11-13 11:07:09'),
(1727, 173, 7, '2025-11-13 11:07:09'),
(1728, 173, 5, '2025-11-13 11:07:09'),
(1729, 173, 1, '2025-11-13 11:07:09'),
(1730, 173, 3, '2025-11-13 11:07:09'),
(1731, 174, 4, '2025-11-13 11:07:09'),
(1732, 174, 2, '2025-11-13 11:07:09'),
(1733, 174, 9, '2025-11-13 11:07:09'),
(1734, 174, 10, '2025-11-13 11:07:09'),
(1735, 174, 6, '2025-11-13 11:07:09'),
(1736, 174, 8, '2025-11-13 11:07:09'),
(1737, 174, 7, '2025-11-13 11:07:09'),
(1738, 174, 5, '2025-11-13 11:07:09'),
(1739, 174, 1, '2025-11-13 11:07:09'),
(1740, 174, 3, '2025-11-13 11:07:09'),
(1741, 175, 4, '2025-11-13 11:07:09'),
(1742, 175, 2, '2025-11-13 11:07:09'),
(1743, 175, 9, '2025-11-13 11:07:09'),
(1744, 175, 10, '2025-11-13 11:07:09'),
(1745, 175, 6, '2025-11-13 11:07:09'),
(1746, 175, 8, '2025-11-13 11:07:09'),
(1747, 175, 7, '2025-11-13 11:07:09'),
(1748, 175, 5, '2025-11-13 11:07:09'),
(1749, 175, 1, '2025-11-13 11:07:09'),
(1750, 175, 3, '2025-11-13 11:07:09'),
(1751, 176, 4, '2025-11-13 11:07:09'),
(1752, 176, 2, '2025-11-13 11:07:09'),
(1753, 176, 9, '2025-11-13 11:07:09'),
(1754, 176, 10, '2025-11-13 11:07:09'),
(1755, 176, 6, '2025-11-13 11:07:09'),
(1756, 176, 8, '2025-11-13 11:07:09'),
(1757, 176, 7, '2025-11-13 11:07:09'),
(1758, 176, 5, '2025-11-13 11:07:09'),
(1759, 176, 1, '2025-11-13 11:07:09'),
(1760, 176, 3, '2025-11-13 11:07:09'),
(1761, 177, 4, '2025-11-13 11:07:09'),
(1762, 177, 2, '2025-11-13 11:07:09'),
(1763, 177, 9, '2025-11-13 11:07:09'),
(1764, 177, 10, '2025-11-13 11:07:09'),
(1765, 177, 6, '2025-11-13 11:07:09'),
(1766, 177, 8, '2025-11-13 11:07:09'),
(1767, 177, 7, '2025-11-13 11:07:09'),
(1768, 177, 5, '2025-11-13 11:07:09'),
(1769, 177, 1, '2025-11-13 11:07:09'),
(1770, 177, 3, '2025-11-13 11:07:09'),
(1771, 178, 4, '2025-11-13 11:07:09'),
(1772, 178, 2, '2025-11-13 11:07:09'),
(1773, 178, 9, '2025-11-13 11:07:09'),
(1774, 178, 10, '2025-11-13 11:07:09'),
(1775, 178, 6, '2025-11-13 11:07:09'),
(1776, 178, 8, '2025-11-13 11:07:09'),
(1777, 178, 7, '2025-11-13 11:07:09'),
(1778, 178, 5, '2025-11-13 11:07:09'),
(1779, 178, 1, '2025-11-13 11:07:09'),
(1780, 178, 3, '2025-11-13 11:07:09'),
(1781, 179, 4, '2025-11-13 11:07:09'),
(1782, 179, 2, '2025-11-13 11:07:09'),
(1783, 179, 9, '2025-11-13 11:07:09'),
(1784, 179, 10, '2025-11-13 11:07:09'),
(1785, 179, 6, '2025-11-13 11:07:09'),
(1786, 179, 8, '2025-11-13 11:07:09'),
(1787, 179, 7, '2025-11-13 11:07:09'),
(1788, 179, 5, '2025-11-13 11:07:09'),
(1789, 179, 1, '2025-11-13 11:07:09'),
(1790, 179, 3, '2025-11-13 11:07:09'),
(1791, 180, 4, '2025-11-13 11:07:09'),
(1792, 180, 2, '2025-11-13 11:07:09'),
(1793, 180, 9, '2025-11-13 11:07:09'),
(1794, 180, 10, '2025-11-13 11:07:09'),
(1795, 180, 6, '2025-11-13 11:07:09'),
(1796, 180, 8, '2025-11-13 11:07:09'),
(1797, 180, 7, '2025-11-13 11:07:09'),
(1798, 180, 5, '2025-11-13 11:07:09'),
(1799, 180, 1, '2025-11-13 11:07:09'),
(1800, 180, 3, '2025-11-13 11:07:09'),
(1801, 181, 4, '2025-11-13 11:07:09'),
(1802, 181, 2, '2025-11-13 11:07:09'),
(1803, 181, 9, '2025-11-13 11:07:09'),
(1804, 181, 10, '2025-11-13 11:07:09'),
(1805, 181, 6, '2025-11-13 11:07:09'),
(1806, 181, 8, '2025-11-13 11:07:09'),
(1807, 181, 7, '2025-11-13 11:07:09'),
(1808, 181, 5, '2025-11-13 11:07:09'),
(1809, 181, 1, '2025-11-13 11:07:09'),
(1810, 181, 3, '2025-11-13 11:07:09'),
(1811, 182, 4, '2025-11-13 11:07:09'),
(1812, 182, 2, '2025-11-13 11:07:09'),
(1813, 182, 9, '2025-11-13 11:07:09'),
(1814, 182, 10, '2025-11-13 11:07:09'),
(1815, 182, 6, '2025-11-13 11:07:09'),
(1816, 182, 8, '2025-11-13 11:07:09'),
(1817, 182, 7, '2025-11-13 11:07:09'),
(1818, 182, 5, '2025-11-13 11:07:09'),
(1819, 182, 1, '2025-11-13 11:07:09'),
(1820, 182, 3, '2025-11-13 11:07:09'),
(1821, 183, 4, '2025-11-13 11:07:09'),
(1822, 183, 2, '2025-11-13 11:07:09'),
(1823, 183, 9, '2025-11-13 11:07:09'),
(1824, 183, 10, '2025-11-13 11:07:09'),
(1825, 183, 6, '2025-11-13 11:07:09'),
(1826, 183, 8, '2025-11-13 11:07:09'),
(1827, 183, 7, '2025-11-13 11:07:09'),
(1828, 183, 5, '2025-11-13 11:07:09'),
(1829, 183, 1, '2025-11-13 11:07:09'),
(1830, 183, 3, '2025-11-13 11:07:09'),
(1831, 184, 4, '2025-11-13 11:07:09'),
(1832, 184, 2, '2025-11-13 11:07:09'),
(1833, 184, 9, '2025-11-13 11:07:09'),
(1834, 184, 10, '2025-11-13 11:07:09'),
(1835, 184, 6, '2025-11-13 11:07:09'),
(1836, 184, 8, '2025-11-13 11:07:09'),
(1837, 184, 7, '2025-11-13 11:07:09'),
(1838, 184, 5, '2025-11-13 11:07:09'),
(1839, 184, 1, '2025-11-13 11:07:09'),
(1840, 184, 3, '2025-11-13 11:07:09'),
(1841, 185, 4, '2025-11-13 11:07:09'),
(1842, 185, 2, '2025-11-13 11:07:09'),
(1843, 185, 9, '2025-11-13 11:07:09'),
(1844, 185, 10, '2025-11-13 11:07:09'),
(1845, 185, 6, '2025-11-13 11:07:09'),
(1846, 185, 8, '2025-11-13 11:07:09'),
(1847, 185, 7, '2025-11-13 11:07:09'),
(1848, 185, 5, '2025-11-13 11:07:09'),
(1849, 185, 1, '2025-11-13 11:07:09'),
(1850, 185, 3, '2025-11-13 11:07:09'),
(1851, 186, 4, '2025-11-13 11:07:09'),
(1852, 186, 2, '2025-11-13 11:07:09'),
(1853, 186, 9, '2025-11-13 11:07:09'),
(1854, 186, 10, '2025-11-13 11:07:09'),
(1855, 186, 6, '2025-11-13 11:07:09'),
(1856, 186, 8, '2025-11-13 11:07:09'),
(1857, 186, 7, '2025-11-13 11:07:09'),
(1858, 186, 5, '2025-11-13 11:07:09'),
(1859, 186, 1, '2025-11-13 11:07:09'),
(1860, 186, 3, '2025-11-13 11:07:09'),
(1861, 187, 4, '2025-11-13 11:07:09'),
(1862, 187, 2, '2025-11-13 11:07:09'),
(1863, 187, 9, '2025-11-13 11:07:09'),
(1864, 187, 10, '2025-11-13 11:07:09'),
(1865, 187, 6, '2025-11-13 11:07:09'),
(1866, 187, 8, '2025-11-13 11:07:09'),
(1867, 187, 7, '2025-11-13 11:07:09'),
(1868, 187, 5, '2025-11-13 11:07:09'),
(1869, 187, 1, '2025-11-13 11:07:09'),
(1870, 187, 3, '2025-11-13 11:07:09'),
(1871, 188, 4, '2025-11-13 11:07:09'),
(1872, 188, 2, '2025-11-13 11:07:09'),
(1873, 188, 9, '2025-11-13 11:07:09'),
(1874, 188, 10, '2025-11-13 11:07:09'),
(1875, 188, 6, '2025-11-13 11:07:09'),
(1876, 188, 8, '2025-11-13 11:07:09'),
(1877, 188, 7, '2025-11-13 11:07:09'),
(1878, 188, 5, '2025-11-13 11:07:09'),
(1879, 188, 1, '2025-11-13 11:07:09'),
(1880, 188, 3, '2025-11-13 11:07:09'),
(1881, 189, 4, '2025-11-13 11:07:09'),
(1882, 189, 2, '2025-11-13 11:07:09'),
(1883, 189, 9, '2025-11-13 11:07:09'),
(1884, 189, 10, '2025-11-13 11:07:09'),
(1885, 189, 6, '2025-11-13 11:07:09'),
(1886, 189, 8, '2025-11-13 11:07:09'),
(1887, 189, 7, '2025-11-13 11:07:09'),
(1888, 189, 5, '2025-11-13 11:07:09'),
(1889, 189, 1, '2025-11-13 11:07:09'),
(1890, 189, 3, '2025-11-13 11:07:09'),
(1891, 190, 4, '2025-11-13 11:07:09'),
(1892, 190, 2, '2025-11-13 11:07:09'),
(1893, 190, 9, '2025-11-13 11:07:09'),
(1894, 190, 10, '2025-11-13 11:07:09'),
(1895, 190, 6, '2025-11-13 11:07:09'),
(1896, 190, 8, '2025-11-13 11:07:09'),
(1897, 190, 7, '2025-11-13 11:07:09'),
(1898, 190, 5, '2025-11-13 11:07:09'),
(1899, 190, 1, '2025-11-13 11:07:09'),
(1900, 190, 3, '2025-11-13 11:07:09'),
(1901, 191, 4, '2025-11-13 11:07:09'),
(1902, 191, 2, '2025-11-13 11:07:09'),
(1903, 191, 9, '2025-11-13 11:07:09'),
(1904, 191, 10, '2025-11-13 11:07:09'),
(1905, 191, 6, '2025-11-13 11:07:09'),
(1906, 191, 8, '2025-11-13 11:07:09'),
(1907, 191, 7, '2025-11-13 11:07:09'),
(1908, 191, 5, '2025-11-13 11:07:09'),
(1909, 191, 1, '2025-11-13 11:07:09'),
(1910, 191, 3, '2025-11-13 11:07:09'),
(1911, 192, 4, '2025-11-13 11:07:09'),
(1912, 192, 2, '2025-11-13 11:07:09'),
(1913, 192, 9, '2025-11-13 11:07:09'),
(1914, 192, 10, '2025-11-13 11:07:09'),
(1915, 192, 6, '2025-11-13 11:07:09'),
(1916, 192, 8, '2025-11-13 11:07:09'),
(1917, 192, 7, '2025-11-13 11:07:09'),
(1918, 192, 5, '2025-11-13 11:07:09'),
(1919, 192, 1, '2025-11-13 11:07:09'),
(1920, 192, 3, '2025-11-13 11:07:09'),
(1921, 193, 4, '2025-11-13 11:07:09'),
(1922, 193, 2, '2025-11-13 11:07:09'),
(1923, 193, 9, '2025-11-13 11:07:09'),
(1924, 193, 10, '2025-11-13 11:07:09'),
(1925, 193, 6, '2025-11-13 11:07:09'),
(1926, 193, 8, '2025-11-13 11:07:09'),
(1927, 193, 7, '2025-11-13 11:07:09'),
(1928, 193, 5, '2025-11-13 11:07:09'),
(1929, 193, 1, '2025-11-13 11:07:09'),
(1930, 193, 3, '2025-11-13 11:07:09'),
(1931, 194, 4, '2025-11-13 11:07:09'),
(1932, 194, 2, '2025-11-13 11:07:09'),
(1933, 194, 9, '2025-11-13 11:07:09'),
(1934, 194, 10, '2025-11-13 11:07:09'),
(1935, 194, 6, '2025-11-13 11:07:09'),
(1936, 194, 8, '2025-11-13 11:07:09'),
(1937, 194, 7, '2025-11-13 11:07:09'),
(1938, 194, 5, '2025-11-13 11:07:09'),
(1939, 194, 1, '2025-11-13 11:07:09'),
(1940, 194, 3, '2025-11-13 11:07:09'),
(1941, 195, 4, '2025-11-13 11:07:09'),
(1942, 195, 2, '2025-11-13 11:07:09'),
(1943, 195, 9, '2025-11-13 11:07:09'),
(1944, 195, 10, '2025-11-13 11:07:09'),
(1945, 195, 6, '2025-11-13 11:07:09'),
(1946, 195, 8, '2025-11-13 11:07:09'),
(1947, 195, 7, '2025-11-13 11:07:09'),
(1948, 195, 5, '2025-11-13 11:07:09'),
(1949, 195, 1, '2025-11-13 11:07:09'),
(1950, 195, 3, '2025-11-13 11:07:09'),
(1951, 196, 4, '2025-11-13 11:07:09'),
(1952, 196, 2, '2025-11-13 11:07:09'),
(1953, 196, 9, '2025-11-13 11:07:09'),
(1954, 196, 10, '2025-11-13 11:07:09'),
(1955, 196, 6, '2025-11-13 11:07:09'),
(1956, 196, 8, '2025-11-13 11:07:09'),
(1957, 196, 7, '2025-11-13 11:07:09'),
(1958, 196, 5, '2025-11-13 11:07:09'),
(1959, 196, 1, '2025-11-13 11:07:09'),
(1960, 196, 3, '2025-11-13 11:07:09'),
(1961, 197, 4, '2025-11-13 11:07:09'),
(1962, 197, 2, '2025-11-13 11:07:09'),
(1963, 197, 9, '2025-11-13 11:07:09'),
(1964, 197, 10, '2025-11-13 11:07:09'),
(1965, 197, 6, '2025-11-13 11:07:09'),
(1966, 197, 8, '2025-11-13 11:07:09'),
(1967, 197, 7, '2025-11-13 11:07:09'),
(1968, 197, 5, '2025-11-13 11:07:09'),
(1969, 197, 1, '2025-11-13 11:07:09'),
(1970, 197, 3, '2025-11-13 11:07:09'),
(1971, 198, 4, '2025-11-13 11:07:09'),
(1972, 198, 2, '2025-11-13 11:07:09'),
(1973, 198, 9, '2025-11-13 11:07:09'),
(1974, 198, 10, '2025-11-13 11:07:09'),
(1975, 198, 6, '2025-11-13 11:07:09'),
(1976, 198, 8, '2025-11-13 11:07:09'),
(1977, 198, 7, '2025-11-13 11:07:09'),
(1978, 198, 5, '2025-11-13 11:07:09'),
(1979, 198, 1, '2025-11-13 11:07:09'),
(1980, 198, 3, '2025-11-13 11:07:09'),
(1981, 199, 4, '2025-11-13 11:07:09'),
(1982, 199, 2, '2025-11-13 11:07:09'),
(1983, 199, 9, '2025-11-13 11:07:09'),
(1984, 199, 10, '2025-11-13 11:07:09'),
(1985, 199, 6, '2025-11-13 11:07:09'),
(1986, 199, 8, '2025-11-13 11:07:09'),
(1987, 199, 7, '2025-11-13 11:07:09'),
(1988, 199, 5, '2025-11-13 11:07:09'),
(1989, 199, 1, '2025-11-13 11:07:09'),
(1990, 199, 3, '2025-11-13 11:07:09'),
(1991, 200, 4, '2025-11-13 11:07:09'),
(1992, 200, 2, '2025-11-13 11:07:09'),
(1993, 200, 9, '2025-11-13 11:07:09'),
(1994, 200, 10, '2025-11-13 11:07:09'),
(1995, 200, 6, '2025-11-13 11:07:09'),
(1996, 200, 8, '2025-11-13 11:07:09'),
(1997, 200, 7, '2025-11-13 11:07:09'),
(1998, 200, 5, '2025-11-13 11:07:09'),
(1999, 200, 1, '2025-11-13 11:07:09'),
(2000, 200, 3, '2025-11-13 11:07:09'),
(2001, 201, 4, '2025-11-13 11:07:09'),
(2002, 201, 2, '2025-11-13 11:07:09'),
(2003, 201, 9, '2025-11-13 11:07:09'),
(2004, 201, 10, '2025-11-13 11:07:09'),
(2005, 201, 6, '2025-11-13 11:07:09'),
(2006, 201, 8, '2025-11-13 11:07:09'),
(2007, 201, 7, '2025-11-13 11:07:09'),
(2008, 201, 5, '2025-11-13 11:07:09'),
(2009, 201, 1, '2025-11-13 11:07:09'),
(2010, 201, 3, '2025-11-13 11:07:09'),
(2011, 202, 4, '2025-11-13 11:07:09'),
(2012, 202, 2, '2025-11-13 11:07:09'),
(2013, 202, 9, '2025-11-13 11:07:09'),
(2014, 202, 10, '2025-11-13 11:07:09'),
(2015, 202, 6, '2025-11-13 11:07:09'),
(2016, 202, 8, '2025-11-13 11:07:09'),
(2017, 202, 7, '2025-11-13 11:07:09'),
(2018, 202, 5, '2025-11-13 11:07:09'),
(2019, 202, 1, '2025-11-13 11:07:09'),
(2020, 202, 3, '2025-11-13 11:07:09'),
(2021, 203, 4, '2025-11-13 11:07:09'),
(2022, 203, 2, '2025-11-13 11:07:09'),
(2023, 203, 9, '2025-11-13 11:07:09'),
(2024, 203, 10, '2025-11-13 11:07:09'),
(2025, 203, 6, '2025-11-13 11:07:09'),
(2026, 203, 8, '2025-11-13 11:07:09'),
(2027, 203, 7, '2025-11-13 11:07:09'),
(2028, 203, 5, '2025-11-13 11:07:09'),
(2029, 203, 1, '2025-11-13 11:07:09'),
(2030, 203, 3, '2025-11-13 11:07:09'),
(2031, 204, 4, '2025-11-13 11:07:09'),
(2032, 204, 2, '2025-11-13 11:07:09'),
(2033, 204, 9, '2025-11-13 11:07:09'),
(2034, 204, 10, '2025-11-13 11:07:09'),
(2035, 204, 6, '2025-11-13 11:07:09'),
(2036, 204, 8, '2025-11-13 11:07:09'),
(2037, 204, 7, '2025-11-13 11:07:09'),
(2038, 204, 5, '2025-11-13 11:07:09'),
(2039, 204, 1, '2025-11-13 11:07:09'),
(2040, 204, 3, '2025-11-13 11:07:09'),
(2041, 205, 4, '2025-11-13 11:07:09'),
(2042, 205, 2, '2025-11-13 11:07:09'),
(2043, 205, 9, '2025-11-13 11:07:09'),
(2044, 205, 10, '2025-11-13 11:07:09'),
(2045, 205, 6, '2025-11-13 11:07:09'),
(2046, 205, 8, '2025-11-13 11:07:09'),
(2047, 205, 7, '2025-11-13 11:07:09'),
(2048, 205, 5, '2025-11-13 11:07:09'),
(2049, 205, 1, '2025-11-13 11:07:09'),
(2050, 205, 3, '2025-11-13 11:07:09'),
(2051, 206, 4, '2025-11-13 11:07:09'),
(2052, 206, 2, '2025-11-13 11:07:09'),
(2053, 206, 9, '2025-11-13 11:07:09'),
(2054, 206, 10, '2025-11-13 11:07:09'),
(2055, 206, 6, '2025-11-13 11:07:09'),
(2056, 206, 8, '2025-11-13 11:07:09'),
(2057, 206, 7, '2025-11-13 11:07:09'),
(2058, 206, 5, '2025-11-13 11:07:09'),
(2059, 206, 1, '2025-11-13 11:07:09'),
(2060, 206, 3, '2025-11-13 11:07:09'),
(2061, 207, 4, '2025-11-13 11:07:09'),
(2062, 207, 2, '2025-11-13 11:07:09'),
(2063, 207, 9, '2025-11-13 11:07:09'),
(2064, 207, 10, '2025-11-13 11:07:09'),
(2065, 207, 6, '2025-11-13 11:07:09'),
(2066, 207, 8, '2025-11-13 11:07:09'),
(2067, 207, 7, '2025-11-13 11:07:09'),
(2068, 207, 5, '2025-11-13 11:07:09'),
(2069, 207, 1, '2025-11-13 11:07:09'),
(2070, 207, 3, '2025-11-13 11:07:09'),
(2071, 208, 4, '2025-11-13 11:07:09'),
(2072, 208, 2, '2025-11-13 11:07:09'),
(2073, 208, 9, '2025-11-13 11:07:09'),
(2074, 208, 10, '2025-11-13 11:07:09'),
(2075, 208, 6, '2025-11-13 11:07:09'),
(2076, 208, 8, '2025-11-13 11:07:09'),
(2077, 208, 7, '2025-11-13 11:07:09'),
(2078, 208, 5, '2025-11-13 11:07:09'),
(2079, 208, 1, '2025-11-13 11:07:09'),
(2080, 208, 3, '2025-11-13 11:07:09'),
(2081, 209, 4, '2025-11-13 11:07:09'),
(2082, 209, 2, '2025-11-13 11:07:09'),
(2083, 209, 9, '2025-11-13 11:07:09'),
(2084, 209, 10, '2025-11-13 11:07:09'),
(2085, 209, 6, '2025-11-13 11:07:09'),
(2086, 209, 8, '2025-11-13 11:07:09'),
(2087, 209, 7, '2025-11-13 11:07:09'),
(2088, 209, 5, '2025-11-13 11:07:09'),
(2089, 209, 1, '2025-11-13 11:07:09'),
(2090, 209, 3, '2025-11-13 11:07:09'),
(2091, 210, 4, '2025-11-13 11:07:09'),
(2092, 210, 2, '2025-11-13 11:07:09'),
(2093, 210, 9, '2025-11-13 11:07:09'),
(2094, 210, 10, '2025-11-13 11:07:09'),
(2095, 210, 6, '2025-11-13 11:07:09'),
(2096, 210, 8, '2025-11-13 11:07:09'),
(2097, 210, 7, '2025-11-13 11:07:09'),
(2098, 210, 5, '2025-11-13 11:07:09'),
(2099, 210, 1, '2025-11-13 11:07:09'),
(2100, 210, 3, '2025-11-13 11:07:09'),
(2101, 211, 4, '2025-11-13 11:07:09'),
(2102, 211, 2, '2025-11-13 11:07:09'),
(2103, 211, 9, '2025-11-13 11:07:09'),
(2104, 211, 10, '2025-11-13 11:07:09'),
(2105, 211, 6, '2025-11-13 11:07:09'),
(2106, 211, 8, '2025-11-13 11:07:09'),
(2107, 211, 7, '2025-11-13 11:07:09'),
(2108, 211, 5, '2025-11-13 11:07:09'),
(2109, 211, 1, '2025-11-13 11:07:09'),
(2110, 211, 3, '2025-11-13 11:07:09'),
(2111, 212, 4, '2025-11-13 11:07:09'),
(2112, 212, 2, '2025-11-13 11:07:09'),
(2113, 212, 9, '2025-11-13 11:07:09'),
(2114, 212, 10, '2025-11-13 11:07:09'),
(2115, 212, 6, '2025-11-13 11:07:09'),
(2116, 212, 8, '2025-11-13 11:07:09'),
(2117, 212, 7, '2025-11-13 11:07:09'),
(2118, 212, 5, '2025-11-13 11:07:09'),
(2119, 212, 1, '2025-11-13 11:07:09'),
(2120, 212, 3, '2025-11-13 11:07:09'),
(2121, 213, 4, '2025-11-13 11:07:09'),
(2122, 213, 2, '2025-11-13 11:07:09'),
(2123, 213, 9, '2025-11-13 11:07:09'),
(2124, 213, 10, '2025-11-13 11:07:09'),
(2125, 213, 6, '2025-11-13 11:07:09'),
(2126, 213, 8, '2025-11-13 11:07:09'),
(2127, 213, 7, '2025-11-13 11:07:09'),
(2128, 213, 5, '2025-11-13 11:07:09'),
(2129, 213, 1, '2025-11-13 11:07:09'),
(2130, 213, 3, '2025-11-13 11:07:09'),
(2131, 214, 4, '2025-11-13 11:07:09'),
(2132, 214, 2, '2025-11-13 11:07:09'),
(2133, 214, 9, '2025-11-13 11:07:09'),
(2134, 214, 10, '2025-11-13 11:07:09'),
(2135, 214, 6, '2025-11-13 11:07:09'),
(2136, 214, 8, '2025-11-13 11:07:09'),
(2137, 214, 7, '2025-11-13 11:07:09'),
(2138, 214, 5, '2025-11-13 11:07:09'),
(2139, 214, 1, '2025-11-13 11:07:09'),
(2140, 214, 3, '2025-11-13 11:07:09'),
(2141, 215, 4, '2025-11-13 11:07:09'),
(2142, 215, 2, '2025-11-13 11:07:09'),
(2143, 215, 9, '2025-11-13 11:07:09'),
(2144, 215, 10, '2025-11-13 11:07:09'),
(2145, 215, 6, '2025-11-13 11:07:09'),
(2146, 215, 8, '2025-11-13 11:07:09'),
(2147, 215, 7, '2025-11-13 11:07:09'),
(2148, 215, 5, '2025-11-13 11:07:09'),
(2149, 215, 1, '2025-11-13 11:07:09'),
(2150, 215, 3, '2025-11-13 11:07:09'),
(2151, 216, 4, '2025-11-13 11:07:09'),
(2152, 216, 2, '2025-11-13 11:07:09'),
(2153, 216, 9, '2025-11-13 11:07:09'),
(2154, 216, 10, '2025-11-13 11:07:09'),
(2155, 216, 6, '2025-11-13 11:07:09'),
(2156, 216, 8, '2025-11-13 11:07:09'),
(2157, 216, 7, '2025-11-13 11:07:09'),
(2158, 216, 5, '2025-11-13 11:07:09'),
(2159, 216, 1, '2025-11-13 11:07:09'),
(2160, 216, 3, '2025-11-13 11:07:09'),
(2161, 217, 4, '2025-11-13 11:07:09'),
(2162, 217, 2, '2025-11-13 11:07:09'),
(2163, 217, 9, '2025-11-13 11:07:09'),
(2164, 217, 10, '2025-11-13 11:07:09'),
(2165, 217, 6, '2025-11-13 11:07:09'),
(2166, 217, 8, '2025-11-13 11:07:09'),
(2167, 217, 7, '2025-11-13 11:07:09'),
(2168, 217, 5, '2025-11-13 11:07:09'),
(2169, 217, 1, '2025-11-13 11:07:09'),
(2170, 217, 3, '2025-11-13 11:07:09'),
(2171, 218, 4, '2025-11-13 11:07:09'),
(2172, 218, 2, '2025-11-13 11:07:09'),
(2173, 218, 9, '2025-11-13 11:07:09'),
(2174, 218, 10, '2025-11-13 11:07:09'),
(2175, 218, 6, '2025-11-13 11:07:09'),
(2176, 218, 8, '2025-11-13 11:07:09'),
(2177, 218, 7, '2025-11-13 11:07:09'),
(2178, 218, 5, '2025-11-13 11:07:09'),
(2179, 218, 1, '2025-11-13 11:07:09'),
(2180, 218, 3, '2025-11-13 11:07:09'),
(2181, 219, 4, '2025-11-13 11:07:09'),
(2182, 219, 2, '2025-11-13 11:07:09'),
(2183, 219, 9, '2025-11-13 11:07:09'),
(2184, 219, 10, '2025-11-13 11:07:09'),
(2185, 219, 6, '2025-11-13 11:07:09'),
(2186, 219, 8, '2025-11-13 11:07:09'),
(2187, 219, 7, '2025-11-13 11:07:09'),
(2188, 219, 5, '2025-11-13 11:07:09'),
(2189, 219, 1, '2025-11-13 11:07:09'),
(2190, 219, 3, '2025-11-13 11:07:09'),
(2191, 220, 4, '2025-11-13 11:07:09'),
(2192, 220, 2, '2025-11-13 11:07:09'),
(2193, 220, 9, '2025-11-13 11:07:09'),
(2194, 220, 10, '2025-11-13 11:07:09'),
(2195, 220, 6, '2025-11-13 11:07:09'),
(2196, 220, 8, '2025-11-13 11:07:09'),
(2197, 220, 7, '2025-11-13 11:07:09'),
(2198, 220, 5, '2025-11-13 11:07:09'),
(2199, 220, 1, '2025-11-13 11:07:09'),
(2200, 220, 3, '2025-11-13 11:07:09'),
(2201, 221, 4, '2025-11-13 11:07:09'),
(2202, 221, 2, '2025-11-13 11:07:09'),
(2203, 221, 9, '2025-11-13 11:07:09'),
(2204, 221, 10, '2025-11-13 11:07:09'),
(2205, 221, 6, '2025-11-13 11:07:09'),
(2206, 221, 8, '2025-11-13 11:07:09'),
(2207, 221, 7, '2025-11-13 11:07:09'),
(2208, 221, 5, '2025-11-13 11:07:09'),
(2209, 221, 1, '2025-11-13 11:07:09'),
(2210, 221, 3, '2025-11-13 11:07:09'),
(2211, 222, 4, '2025-11-13 11:07:09'),
(2212, 222, 2, '2025-11-13 11:07:09'),
(2213, 222, 9, '2025-11-13 11:07:09'),
(2214, 222, 10, '2025-11-13 11:07:09'),
(2215, 222, 6, '2025-11-13 11:07:09'),
(2216, 222, 8, '2025-11-13 11:07:09'),
(2217, 222, 7, '2025-11-13 11:07:09'),
(2218, 222, 5, '2025-11-13 11:07:09'),
(2219, 222, 1, '2025-11-13 11:07:09'),
(2220, 222, 3, '2025-11-13 11:07:09'),
(2221, 223, 4, '2025-11-13 11:07:09'),
(2222, 223, 2, '2025-11-13 11:07:09'),
(2223, 223, 9, '2025-11-13 11:07:09'),
(2224, 223, 10, '2025-11-13 11:07:09'),
(2225, 223, 6, '2025-11-13 11:07:09'),
(2226, 223, 8, '2025-11-13 11:07:09'),
(2227, 223, 7, '2025-11-13 11:07:09'),
(2228, 223, 5, '2025-11-13 11:07:09'),
(2229, 223, 1, '2025-11-13 11:07:09'),
(2230, 223, 3, '2025-11-13 11:07:09'),
(2231, 224, 4, '2025-11-13 11:07:09'),
(2232, 224, 2, '2025-11-13 11:07:09'),
(2233, 224, 9, '2025-11-13 11:07:09'),
(2234, 224, 10, '2025-11-13 11:07:09'),
(2235, 224, 6, '2025-11-13 11:07:09'),
(2236, 224, 8, '2025-11-13 11:07:09'),
(2237, 224, 7, '2025-11-13 11:07:09'),
(2238, 224, 5, '2025-11-13 11:07:09'),
(2239, 224, 1, '2025-11-13 11:07:09'),
(2240, 224, 3, '2025-11-13 11:07:09'),
(2241, 225, 4, '2025-11-13 11:07:09'),
(2242, 225, 2, '2025-11-13 11:07:09'),
(2243, 225, 9, '2025-11-13 11:07:09'),
(2244, 225, 10, '2025-11-13 11:07:09'),
(2245, 225, 6, '2025-11-13 11:07:09'),
(2246, 225, 8, '2025-11-13 11:07:09'),
(2247, 225, 7, '2025-11-13 11:07:09'),
(2248, 225, 5, '2025-11-13 11:07:09'),
(2249, 225, 1, '2025-11-13 11:07:09'),
(2250, 225, 3, '2025-11-13 11:07:09'),
(2251, 226, 4, '2025-11-13 11:07:09'),
(2252, 226, 2, '2025-11-13 11:07:09'),
(2253, 226, 9, '2025-11-13 11:07:09'),
(2254, 226, 10, '2025-11-13 11:07:09'),
(2255, 226, 6, '2025-11-13 11:07:09'),
(2256, 226, 8, '2025-11-13 11:07:09'),
(2257, 226, 7, '2025-11-13 11:07:09'),
(2258, 226, 5, '2025-11-13 11:07:09'),
(2259, 226, 1, '2025-11-13 11:07:09'),
(2260, 226, 3, '2025-11-13 11:07:09'),
(2261, 227, 4, '2025-11-13 11:07:09'),
(2262, 227, 2, '2025-11-13 11:07:09'),
(2263, 227, 9, '2025-11-13 11:07:09'),
(2264, 227, 10, '2025-11-13 11:07:09'),
(2265, 227, 6, '2025-11-13 11:07:09'),
(2266, 227, 8, '2025-11-13 11:07:09'),
(2267, 227, 7, '2025-11-13 11:07:09'),
(2268, 227, 5, '2025-11-13 11:07:09'),
(2269, 227, 1, '2025-11-13 11:07:09'),
(2270, 227, 3, '2025-11-13 11:07:09'),
(2271, 228, 4, '2025-11-13 11:07:09'),
(2272, 228, 2, '2025-11-13 11:07:09'),
(2273, 228, 9, '2025-11-13 11:07:09'),
(2274, 228, 10, '2025-11-13 11:07:09'),
(2275, 228, 6, '2025-11-13 11:07:09'),
(2276, 228, 8, '2025-11-13 11:07:09'),
(2277, 228, 7, '2025-11-13 11:07:09'),
(2278, 228, 5, '2025-11-13 11:07:09'),
(2279, 228, 1, '2025-11-13 11:07:09'),
(2280, 228, 3, '2025-11-13 11:07:09'),
(2281, 229, 4, '2025-11-13 11:07:09'),
(2282, 229, 2, '2025-11-13 11:07:09'),
(2283, 229, 9, '2025-11-13 11:07:09'),
(2284, 229, 10, '2025-11-13 11:07:09'),
(2285, 229, 6, '2025-11-13 11:07:09'),
(2286, 229, 8, '2025-11-13 11:07:09'),
(2287, 229, 7, '2025-11-13 11:07:09'),
(2288, 229, 5, '2025-11-13 11:07:09'),
(2289, 229, 1, '2025-11-13 11:07:09'),
(2290, 229, 3, '2025-11-13 11:07:09'),
(2291, 230, 4, '2025-11-13 11:07:09'),
(2292, 230, 2, '2025-11-13 11:07:09'),
(2293, 230, 9, '2025-11-13 11:07:09'),
(2294, 230, 10, '2025-11-13 11:07:09'),
(2295, 230, 6, '2025-11-13 11:07:09'),
(2296, 230, 8, '2025-11-13 11:07:09'),
(2297, 230, 7, '2025-11-13 11:07:09'),
(2298, 230, 5, '2025-11-13 11:07:09'),
(2299, 230, 1, '2025-11-13 11:07:09'),
(2300, 230, 3, '2025-11-13 11:07:09'),
(2301, 231, 4, '2025-11-13 11:07:09'),
(2302, 231, 2, '2025-11-13 11:07:09'),
(2303, 231, 9, '2025-11-13 11:07:09'),
(2304, 231, 10, '2025-11-13 11:07:09'),
(2305, 231, 6, '2025-11-13 11:07:09'),
(2306, 231, 8, '2025-11-13 11:07:09'),
(2307, 231, 7, '2025-11-13 11:07:09'),
(2308, 231, 5, '2025-11-13 11:07:09'),
(2309, 231, 1, '2025-11-13 11:07:09'),
(2310, 231, 3, '2025-11-13 11:07:09'),
(2311, 232, 4, '2025-11-13 11:07:09'),
(2312, 232, 2, '2025-11-13 11:07:09'),
(2313, 232, 9, '2025-11-13 11:07:09'),
(2314, 232, 10, '2025-11-13 11:07:09'),
(2315, 232, 6, '2025-11-13 11:07:09'),
(2316, 232, 8, '2025-11-13 11:07:09'),
(2317, 232, 7, '2025-11-13 11:07:09'),
(2318, 232, 5, '2025-11-13 11:07:09'),
(2319, 232, 1, '2025-11-13 11:07:09'),
(2320, 232, 3, '2025-11-13 11:07:09'),
(2321, 233, 4, '2025-11-13 11:07:09'),
(2322, 233, 2, '2025-11-13 11:07:09'),
(2323, 233, 9, '2025-11-13 11:07:09'),
(2324, 233, 10, '2025-11-13 11:07:09'),
(2325, 233, 6, '2025-11-13 11:07:09'),
(2326, 233, 8, '2025-11-13 11:07:09'),
(2327, 233, 7, '2025-11-13 11:07:09'),
(2328, 233, 5, '2025-11-13 11:07:09'),
(2329, 233, 1, '2025-11-13 11:07:09'),
(2330, 233, 3, '2025-11-13 11:07:09'),
(2331, 234, 4, '2025-11-13 11:07:09'),
(2332, 234, 2, '2025-11-13 11:07:09'),
(2333, 234, 9, '2025-11-13 11:07:09'),
(2334, 234, 10, '2025-11-13 11:07:09'),
(2335, 234, 6, '2025-11-13 11:07:09'),
(2336, 234, 8, '2025-11-13 11:07:09'),
(2337, 234, 7, '2025-11-13 11:07:09'),
(2338, 234, 5, '2025-11-13 11:07:09'),
(2339, 234, 1, '2025-11-13 11:07:09'),
(2340, 234, 3, '2025-11-13 11:07:09'),
(2341, 235, 4, '2025-11-13 11:07:09'),
(2342, 235, 2, '2025-11-13 11:07:09'),
(2343, 235, 9, '2025-11-13 11:07:09'),
(2344, 235, 10, '2025-11-13 11:07:09'),
(2345, 235, 6, '2025-11-13 11:07:09'),
(2346, 235, 8, '2025-11-13 11:07:09'),
(2347, 235, 7, '2025-11-13 11:07:09'),
(2348, 235, 5, '2025-11-13 11:07:09'),
(2349, 235, 1, '2025-11-13 11:07:09'),
(2350, 235, 3, '2025-11-13 11:07:09'),
(2351, 236, 4, '2025-11-13 11:07:09'),
(2352, 236, 2, '2025-11-13 11:07:09'),
(2353, 236, 9, '2025-11-13 11:07:09'),
(2354, 236, 10, '2025-11-13 11:07:09'),
(2355, 236, 6, '2025-11-13 11:07:09'),
(2356, 236, 8, '2025-11-13 11:07:09'),
(2357, 236, 7, '2025-11-13 11:07:09'),
(2358, 236, 5, '2025-11-13 11:07:09'),
(2359, 236, 1, '2025-11-13 11:07:09'),
(2360, 236, 3, '2025-11-13 11:07:09'),
(2361, 237, 4, '2025-11-13 11:07:09'),
(2362, 237, 2, '2025-11-13 11:07:09'),
(2363, 237, 9, '2025-11-13 11:07:09'),
(2364, 237, 10, '2025-11-13 11:07:09'),
(2365, 237, 6, '2025-11-13 11:07:09'),
(2366, 237, 8, '2025-11-13 11:07:09'),
(2367, 237, 7, '2025-11-13 11:07:09'),
(2368, 237, 5, '2025-11-13 11:07:09'),
(2369, 237, 1, '2025-11-13 11:07:09'),
(2370, 237, 3, '2025-11-13 11:07:09'),
(2371, 238, 4, '2025-11-13 11:07:09'),
(2372, 238, 2, '2025-11-13 11:07:09'),
(2373, 238, 9, '2025-11-13 11:07:09'),
(2374, 238, 10, '2025-11-13 11:07:09'),
(2375, 238, 6, '2025-11-13 11:07:09'),
(2376, 238, 8, '2025-11-13 11:07:09'),
(2377, 238, 7, '2025-11-13 11:07:09'),
(2378, 238, 5, '2025-11-13 11:07:09'),
(2379, 238, 1, '2025-11-13 11:07:09'),
(2380, 238, 3, '2025-11-13 11:07:09'),
(2381, 239, 4, '2025-11-13 11:07:09'),
(2382, 239, 2, '2025-11-13 11:07:09'),
(2383, 239, 9, '2025-11-13 11:07:09'),
(2384, 239, 10, '2025-11-13 11:07:09'),
(2385, 239, 6, '2025-11-13 11:07:09'),
(2386, 239, 8, '2025-11-13 11:07:09'),
(2387, 239, 7, '2025-11-13 11:07:09'),
(2388, 239, 5, '2025-11-13 11:07:09'),
(2389, 239, 1, '2025-11-13 11:07:09'),
(2390, 239, 3, '2025-11-13 11:07:09'),
(2391, 240, 4, '2025-11-13 11:07:09'),
(2392, 240, 2, '2025-11-13 11:07:09'),
(2393, 240, 9, '2025-11-13 11:07:09'),
(2394, 240, 10, '2025-11-13 11:07:09'),
(2395, 240, 6, '2025-11-13 11:07:09'),
(2396, 240, 8, '2025-11-13 11:07:09'),
(2397, 240, 7, '2025-11-13 11:07:09'),
(2398, 240, 5, '2025-11-13 11:07:09'),
(2399, 240, 1, '2025-11-13 11:07:09'),
(2400, 240, 3, '2025-11-13 11:07:09'),
(2401, 241, 4, '2025-11-13 11:07:09'),
(2402, 241, 2, '2025-11-13 11:07:09'),
(2403, 241, 9, '2025-11-13 11:07:09'),
(2404, 241, 10, '2025-11-13 11:07:09'),
(2405, 241, 6, '2025-11-13 11:07:09'),
(2406, 241, 8, '2025-11-13 11:07:09'),
(2407, 241, 7, '2025-11-13 11:07:09'),
(2408, 241, 5, '2025-11-13 11:07:09'),
(2409, 241, 1, '2025-11-13 11:07:09'),
(2410, 241, 3, '2025-11-13 11:07:09'),
(2411, 242, 4, '2025-11-13 11:07:09'),
(2412, 242, 2, '2025-11-13 11:07:09'),
(2413, 242, 9, '2025-11-13 11:07:09'),
(2414, 242, 10, '2025-11-13 11:07:09'),
(2415, 242, 6, '2025-11-13 11:07:09'),
(2416, 242, 8, '2025-11-13 11:07:09'),
(2417, 242, 7, '2025-11-13 11:07:09'),
(2418, 242, 5, '2025-11-13 11:07:09'),
(2419, 242, 1, '2025-11-13 11:07:09'),
(2420, 242, 3, '2025-11-13 11:07:09'),
(2421, 243, 4, '2025-11-13 11:07:09'),
(2422, 243, 2, '2025-11-13 11:07:09'),
(2423, 243, 9, '2025-11-13 11:07:09'),
(2424, 243, 10, '2025-11-13 11:07:09'),
(2425, 243, 6, '2025-11-13 11:07:09'),
(2426, 243, 8, '2025-11-13 11:07:09'),
(2427, 243, 7, '2025-11-13 11:07:09'),
(2428, 243, 5, '2025-11-13 11:07:09'),
(2429, 243, 1, '2025-11-13 11:07:09'),
(2430, 243, 3, '2025-11-13 11:07:09'),
(2431, 244, 4, '2025-11-13 11:07:09'),
(2432, 244, 2, '2025-11-13 11:07:09'),
(2433, 244, 9, '2025-11-13 11:07:09'),
(2434, 244, 10, '2025-11-13 11:07:09'),
(2435, 244, 6, '2025-11-13 11:07:09'),
(2436, 244, 8, '2025-11-13 11:07:09'),
(2437, 244, 7, '2025-11-13 11:07:09'),
(2438, 244, 5, '2025-11-13 11:07:09'),
(2439, 244, 1, '2025-11-13 11:07:09'),
(2440, 244, 3, '2025-11-13 11:07:09'),
(2441, 245, 4, '2025-11-13 11:07:09'),
(2442, 245, 2, '2025-11-13 11:07:09'),
(2443, 245, 9, '2025-11-13 11:07:09'),
(2444, 245, 10, '2025-11-13 11:07:09'),
(2445, 245, 6, '2025-11-13 11:07:09'),
(2446, 245, 8, '2025-11-13 11:07:09'),
(2447, 245, 7, '2025-11-13 11:07:09'),
(2448, 245, 5, '2025-11-13 11:07:09'),
(2449, 245, 1, '2025-11-13 11:07:09'),
(2450, 245, 3, '2025-11-13 11:07:09'),
(2451, 246, 4, '2025-11-13 11:07:09'),
(2452, 246, 2, '2025-11-13 11:07:09'),
(2453, 246, 9, '2025-11-13 11:07:09'),
(2454, 246, 10, '2025-11-13 11:07:09'),
(2455, 246, 6, '2025-11-13 11:07:09'),
(2456, 246, 8, '2025-11-13 11:07:09'),
(2457, 246, 7, '2025-11-13 11:07:09'),
(2458, 246, 5, '2025-11-13 11:07:09'),
(2459, 246, 1, '2025-11-13 11:07:09'),
(2460, 246, 3, '2025-11-13 11:07:09'),
(2461, 247, 4, '2025-11-13 11:07:09'),
(2462, 247, 2, '2025-11-13 11:07:09'),
(2463, 247, 9, '2025-11-13 11:07:09'),
(2464, 247, 10, '2025-11-13 11:07:09'),
(2465, 247, 6, '2025-11-13 11:07:09'),
(2466, 247, 8, '2025-11-13 11:07:09'),
(2467, 247, 7, '2025-11-13 11:07:09'),
(2468, 247, 5, '2025-11-13 11:07:09'),
(2469, 247, 1, '2025-11-13 11:07:09'),
(2470, 247, 3, '2025-11-13 11:07:09'),
(2471, 248, 4, '2025-11-13 11:07:09'),
(2472, 248, 2, '2025-11-13 11:07:09'),
(2473, 248, 9, '2025-11-13 11:07:09'),
(2474, 248, 10, '2025-11-13 11:07:09'),
(2475, 248, 6, '2025-11-13 11:07:09'),
(2476, 248, 8, '2025-11-13 11:07:09'),
(2477, 248, 7, '2025-11-13 11:07:09'),
(2478, 248, 5, '2025-11-13 11:07:09'),
(2479, 248, 1, '2025-11-13 11:07:09'),
(2480, 248, 3, '2025-11-13 11:07:09'),
(2481, 249, 4, '2025-11-13 11:07:09'),
(2482, 249, 2, '2025-11-13 11:07:09'),
(2483, 249, 9, '2025-11-13 11:07:09'),
(2484, 249, 10, '2025-11-13 11:07:09'),
(2485, 249, 6, '2025-11-13 11:07:09'),
(2486, 249, 8, '2025-11-13 11:07:09'),
(2487, 249, 7, '2025-11-13 11:07:09'),
(2488, 249, 5, '2025-11-13 11:07:09'),
(2489, 249, 1, '2025-11-13 11:07:09'),
(2490, 249, 3, '2025-11-13 11:07:09'),
(2491, 250, 4, '2025-11-13 11:07:09'),
(2492, 250, 2, '2025-11-13 11:07:09'),
(2493, 250, 9, '2025-11-13 11:07:09'),
(2494, 250, 10, '2025-11-13 11:07:09'),
(2495, 250, 6, '2025-11-13 11:07:09'),
(2496, 250, 8, '2025-11-13 11:07:09'),
(2497, 250, 7, '2025-11-13 11:07:09'),
(2498, 250, 5, '2025-11-13 11:07:09'),
(2499, 250, 1, '2025-11-13 11:07:09'),
(2500, 250, 3, '2025-11-13 11:07:09'),
(2501, 251, 4, '2025-11-13 11:07:09'),
(2502, 251, 2, '2025-11-13 11:07:09'),
(2503, 251, 9, '2025-11-13 11:07:09'),
(2504, 251, 10, '2025-11-13 11:07:09'),
(2505, 251, 6, '2025-11-13 11:07:09'),
(2506, 251, 8, '2025-11-13 11:07:09'),
(2507, 251, 7, '2025-11-13 11:07:09'),
(2508, 251, 5, '2025-11-13 11:07:09'),
(2509, 251, 1, '2025-11-13 11:07:09'),
(2510, 251, 3, '2025-11-13 11:07:09'),
(2511, 252, 4, '2025-11-13 11:07:09'),
(2512, 252, 2, '2025-11-13 11:07:09'),
(2513, 252, 9, '2025-11-13 11:07:09'),
(2514, 252, 10, '2025-11-13 11:07:09'),
(2515, 252, 6, '2025-11-13 11:07:09'),
(2516, 252, 8, '2025-11-13 11:07:09'),
(2517, 252, 7, '2025-11-13 11:07:09'),
(2518, 252, 5, '2025-11-13 11:07:09'),
(2519, 252, 1, '2025-11-13 11:07:09'),
(2520, 252, 3, '2025-11-13 11:07:09'),
(2521, 253, 4, '2025-11-13 11:07:09'),
(2522, 253, 2, '2025-11-13 11:07:09'),
(2523, 253, 9, '2025-11-13 11:07:09'),
(2524, 253, 10, '2025-11-13 11:07:09'),
(2525, 253, 6, '2025-11-13 11:07:09'),
(2526, 253, 8, '2025-11-13 11:07:09'),
(2527, 253, 7, '2025-11-13 11:07:09'),
(2528, 253, 5, '2025-11-13 11:07:09'),
(2529, 253, 1, '2025-11-13 11:07:09'),
(2530, 253, 3, '2025-11-13 11:07:09'),
(2531, 254, 4, '2025-11-13 11:07:09'),
(2532, 254, 2, '2025-11-13 11:07:09'),
(2533, 254, 9, '2025-11-13 11:07:09'),
(2534, 254, 10, '2025-11-13 11:07:09'),
(2535, 254, 6, '2025-11-13 11:07:09'),
(2536, 254, 8, '2025-11-13 11:07:09'),
(2537, 254, 7, '2025-11-13 11:07:09'),
(2538, 254, 5, '2025-11-13 11:07:09'),
(2539, 254, 1, '2025-11-13 11:07:09'),
(2540, 254, 3, '2025-11-13 11:07:09'),
(2541, 255, 4, '2025-11-13 11:07:09'),
(2542, 255, 2, '2025-11-13 11:07:09'),
(2543, 255, 9, '2025-11-13 11:07:09'),
(2544, 255, 10, '2025-11-13 11:07:09'),
(2545, 255, 6, '2025-11-13 11:07:09'),
(2546, 255, 8, '2025-11-13 11:07:09'),
(2547, 255, 7, '2025-11-13 11:07:09'),
(2548, 255, 5, '2025-11-13 11:07:09'),
(2549, 255, 1, '2025-11-13 11:07:09'),
(2550, 255, 3, '2025-11-13 11:07:09'),
(2551, 256, 4, '2025-11-13 11:07:09'),
(2552, 256, 2, '2025-11-13 11:07:09'),
(2553, 256, 9, '2025-11-13 11:07:09'),
(2554, 256, 10, '2025-11-13 11:07:09'),
(2555, 256, 6, '2025-11-13 11:07:09'),
(2556, 256, 8, '2025-11-13 11:07:09'),
(2557, 256, 7, '2025-11-13 11:07:09'),
(2558, 256, 5, '2025-11-13 11:07:09'),
(2559, 256, 1, '2025-11-13 11:07:09'),
(2560, 256, 3, '2025-11-13 11:07:09'),
(2561, 257, 4, '2025-11-13 11:07:09'),
(2562, 257, 2, '2025-11-13 11:07:09'),
(2563, 257, 9, '2025-11-13 11:07:09'),
(2564, 257, 10, '2025-11-13 11:07:09'),
(2565, 257, 6, '2025-11-13 11:07:09'),
(2566, 257, 8, '2025-11-13 11:07:09'),
(2567, 257, 7, '2025-11-13 11:07:09'),
(2568, 257, 5, '2025-11-13 11:07:09'),
(2569, 257, 1, '2025-11-13 11:07:09'),
(2570, 257, 3, '2025-11-13 11:07:09'),
(2571, 258, 4, '2025-11-13 11:07:09'),
(2572, 258, 2, '2025-11-13 11:07:09'),
(2573, 258, 9, '2025-11-13 11:07:09'),
(2574, 258, 10, '2025-11-13 11:07:09'),
(2575, 258, 6, '2025-11-13 11:07:09'),
(2576, 258, 8, '2025-11-13 11:07:09'),
(2577, 258, 7, '2025-11-13 11:07:09'),
(2578, 258, 5, '2025-11-13 11:07:09'),
(2579, 258, 1, '2025-11-13 11:07:09'),
(2580, 258, 3, '2025-11-13 11:07:09'),
(2581, 259, 4, '2025-11-13 11:07:09'),
(2582, 259, 2, '2025-11-13 11:07:09'),
(2583, 259, 9, '2025-11-13 11:07:09'),
(2584, 259, 10, '2025-11-13 11:07:09'),
(2585, 259, 6, '2025-11-13 11:07:09'),
(2586, 259, 8, '2025-11-13 11:07:09'),
(2587, 259, 7, '2025-11-13 11:07:09'),
(2588, 259, 5, '2025-11-13 11:07:09'),
(2589, 259, 1, '2025-11-13 11:07:09'),
(2590, 259, 3, '2025-11-13 11:07:09'),
(2591, 260, 4, '2025-11-13 11:07:09'),
(2592, 260, 2, '2025-11-13 11:07:09'),
(2593, 260, 9, '2025-11-13 11:07:09'),
(2594, 260, 10, '2025-11-13 11:07:09'),
(2595, 260, 6, '2025-11-13 11:07:09'),
(2596, 260, 8, '2025-11-13 11:07:09'),
(2597, 260, 7, '2025-11-13 11:07:09'),
(2598, 260, 5, '2025-11-13 11:07:09'),
(2599, 260, 1, '2025-11-13 11:07:09'),
(2600, 260, 3, '2025-11-13 11:07:09'),
(2601, 261, 4, '2025-11-13 11:07:09'),
(2602, 261, 2, '2025-11-13 11:07:09'),
(2603, 261, 9, '2025-11-13 11:07:09'),
(2604, 261, 10, '2025-11-13 11:07:09'),
(2605, 261, 6, '2025-11-13 11:07:09'),
(2606, 261, 8, '2025-11-13 11:07:09'),
(2607, 261, 7, '2025-11-13 11:07:09'),
(2608, 261, 5, '2025-11-13 11:07:09'),
(2609, 261, 1, '2025-11-13 11:07:09'),
(2610, 261, 3, '2025-11-13 11:07:09'),
(2611, 262, 4, '2025-11-13 11:07:09'),
(2612, 262, 2, '2025-11-13 11:07:09'),
(2613, 262, 9, '2025-11-13 11:07:09'),
(2614, 262, 10, '2025-11-13 11:07:09'),
(2615, 262, 6, '2025-11-13 11:07:09'),
(2616, 262, 8, '2025-11-13 11:07:09'),
(2617, 262, 7, '2025-11-13 11:07:09'),
(2618, 262, 5, '2025-11-13 11:07:09'),
(2619, 262, 1, '2025-11-13 11:07:09'),
(2620, 262, 3, '2025-11-13 11:07:09'),
(2621, 263, 4, '2025-11-13 11:07:09'),
(2622, 263, 2, '2025-11-13 11:07:09'),
(2623, 263, 9, '2025-11-13 11:07:09'),
(2624, 263, 10, '2025-11-13 11:07:09'),
(2625, 263, 6, '2025-11-13 11:07:09'),
(2626, 263, 8, '2025-11-13 11:07:09'),
(2627, 263, 7, '2025-11-13 11:07:09'),
(2628, 263, 5, '2025-11-13 11:07:09'),
(2629, 263, 1, '2025-11-13 11:07:09'),
(2630, 263, 3, '2025-11-13 11:07:09'),
(2631, 264, 4, '2025-11-13 11:07:09'),
(2632, 264, 2, '2025-11-13 11:07:09'),
(2633, 264, 9, '2025-11-13 11:07:09'),
(2634, 264, 10, '2025-11-13 11:07:09'),
(2635, 264, 6, '2025-11-13 11:07:09'),
(2636, 264, 8, '2025-11-13 11:07:09'),
(2637, 264, 7, '2025-11-13 11:07:09'),
(2638, 264, 5, '2025-11-13 11:07:09'),
(2639, 264, 1, '2025-11-13 11:07:09'),
(2640, 264, 3, '2025-11-13 11:07:09'),
(2641, 265, 4, '2025-11-13 11:07:09'),
(2642, 265, 2, '2025-11-13 11:07:09'),
(2643, 265, 9, '2025-11-13 11:07:09'),
(2644, 265, 10, '2025-11-13 11:07:09'),
(2645, 265, 6, '2025-11-13 11:07:09'),
(2646, 265, 8, '2025-11-13 11:07:09'),
(2647, 265, 7, '2025-11-13 11:07:09'),
(2648, 265, 5, '2025-11-13 11:07:09'),
(2649, 265, 1, '2025-11-13 11:07:09'),
(2650, 265, 3, '2025-11-13 11:07:09'),
(2651, 266, 4, '2025-11-13 11:07:09'),
(2652, 266, 2, '2025-11-13 11:07:09'),
(2653, 266, 9, '2025-11-13 11:07:09'),
(2654, 266, 10, '2025-11-13 11:07:09'),
(2655, 266, 6, '2025-11-13 11:07:09'),
(2656, 266, 8, '2025-11-13 11:07:09'),
(2657, 266, 7, '2025-11-13 11:07:09'),
(2658, 266, 5, '2025-11-13 11:07:09'),
(2659, 266, 1, '2025-11-13 11:07:09'),
(2660, 266, 3, '2025-11-13 11:07:09');

-- --------------------------------------------------------

--
-- Table structure for table `subjects`
--

CREATE TABLE `subjects` (
  `subject_id` int(11) NOT NULL,
  `subject_code` varchar(20) NOT NULL,
  `subject_name` varchar(100) NOT NULL,
  `subject_type` enum('theory','lab','project','activity') DEFAULT 'theory',
  `created_at` timestamp NOT NULL DEFAULT current_timestamp()
) ENGINE=InnoDB DEFAULT CHARSET=utf8mb4 COLLATE=utf8mb4_general_ci;

--
-- Dumping data for table `subjects`
--

INSERT INTO `subjects` (`subject_id`, `subject_code`, `subject_name`, `subject_type`, `created_at`) VALUES
(1, 'SEPM', 'Software Engineering & Project Management', 'theory', '2025-11-13 10:41:57'),
(2, 'CN', 'Computer Networks', 'theory', '2025-11-13 10:41:57'),
(3, 'TOC', 'Theory of Computation', 'theory', '2025-11-13 10:41:57'),
(4, 'AI', 'Artificial Intelligence', 'theory', '2025-11-13 10:41:57'),
(5, 'RM', 'Research Methodology', 'theory', '2025-11-13 10:41:57'),
(6, 'ES', 'Environmental Studies', 'theory', '2025-11-13 10:41:57'),
(7, 'NSS', 'National Service Scheme', 'activity', '2025-11-13 10:41:57'),
(8, 'MP', 'Mini Project', 'project', '2025-11-13 10:41:57'),
(9, 'CNL', 'Computer Networks Lab', 'lab', '2025-11-13 10:41:57'),
(10, 'DVL', 'Data Visualization Lab', 'lab', '2025-11-13 10:41:57');

-- --------------------------------------------------------

--
-- Structure for view `student_attendance_summary`
--
DROP TABLE IF EXISTS `student_attendance_summary`;

CREATE ALGORITHM=UNDEFINED DEFINER=`root`@`localhost` SQL SECURITY DEFINER VIEW `student_attendance_summary`  AS SELECT `st`.`student_id` AS `student_id`, `st`.`usn_number` AS `usn_number`, `st`.`student_name` AS `student_name`, `st`.`class_id` AS `class_id`, `sub`.`subject_id` AS `subject_id`, `sub`.`subject_name` AS `subject_name`, `sub`.`subject_code` AS `subject_code`, count(distinct `ats`.`session_id`) AS `total_sessions`, count(distinct case when `ar`.`status` = 'verified' then `ar`.`record_id` end) AS `attended_sessions`, coalesce(round(count(distinct case when `ar`.`status` = 'verified' then `ar`.`record_id` end) * 100.0 / nullif(count(distinct `ats`.`session_id`),0),2),0) AS `attendance_percentage` FROM ((((`students` `st` join `subjects` `sub`) left join `student_subjects` `ss` on(`st`.`student_id` = `ss`.`student_id` and `sub`.`subject_id` = `ss`.`subject_id`)) left join `attendance_sessions` `ats` on(`ats`.`class_id` = `st`.`class_id` and `ats`.`subject_id` = `sub`.`subject_id` and `ats`.`status` = 'ended')) left join `attendance_records` `ar` on(`ar`.`session_id` = `ats`.`session_id` and `ar`.`student_id` = `st`.`student_id`)) WHERE `ss`.`mapping_id` is not null GROUP BY `st`.`student_id`, `st`.`usn_number`, `st`.`student_name`, `st`.`class_id`, `sub`.`subject_id`, `sub`.`subject_name`, `sub`.`subject_code` ;

--
-- Indexes for dumped tables
--

--
-- Indexes for table `attendance_records`
--
ALTER TABLE `attendance_records`
  ADD PRIMARY KEY (`record_id`),
  ADD KEY `session_id` (`session_id`),
  ADD KEY `student_id` (`student_id`),
  ADD KEY `seat_id` (`seat_id`),
  ADD KEY `verified_by_student_id` (`verified_by_student_id`);

--
-- Indexes for table `attendance_sessions`
--
ALTER TABLE `attendance_sessions`
  ADD PRIMARY KEY (`session_id`),
  ADD KEY `staff_id` (`staff_id`),
  ADD KEY `class_id` (`class_id`),
  ADD KEY `hall_id` (`hall_id`),
  ADD KEY `subject_id` (`subject_id`);

--
-- Indexes for table `classes`
--
ALTER TABLE `classes`
  ADD PRIMARY KEY (`class_id`);

--
-- Indexes for table `seminar_halls`
--
ALTER TABLE `seminar_halls`
  ADD PRIMARY KEY (`hall_id`);

--
-- Indexes for table `seminar_seats`
--
ALTER TABLE `seminar_seats`
  ADD PRIMARY KEY (`seat_id`),
  ADD UNIQUE KEY `unique_seat_per_hall` (`hall_id`,`seat_number`),
  ADD UNIQUE KEY `unique_qr_code` (`qr_code`);

--
-- Indexes for table `staff`
--
ALTER TABLE `staff`
  ADD PRIMARY KEY (`staff_id`),
  ADD UNIQUE KEY `unique_staff_number` (`staff_number`);

--
-- Indexes for table `students`
--
ALTER TABLE `students`
  ADD PRIMARY KEY (`student_id`),
  ADD KEY `class_id` (`class_id`);

--
-- Indexes for table `student_subjects`
--
ALTER TABLE `student_subjects`
  ADD PRIMARY KEY (`mapping_id`),
  ADD UNIQUE KEY `unique_student_subject` (`student_id`,`subject_id`),
  ADD KEY `subject_id` (`subject_id`);

--
-- Indexes for table `subjects`
--
ALTER TABLE `subjects`
  ADD PRIMARY KEY (`subject_id`),
  ADD UNIQUE KEY `subject_code` (`subject_code`);

--
-- AUTO_INCREMENT for dumped tables
--

--
-- AUTO_INCREMENT for table `attendance_records`
--
ALTER TABLE `attendance_records`
  MODIFY `record_id` int(11) NOT NULL AUTO_INCREMENT;

--
-- AUTO_INCREMENT for table `attendance_sessions`
--
ALTER TABLE `attendance_sessions`
  MODIFY `session_id` int(11) NOT NULL AUTO_INCREMENT;

--
-- AUTO_INCREMENT for table `classes`
--
ALTER TABLE `classes`
  MODIFY `class_id` int(11) NOT NULL AUTO_INCREMENT, AUTO_INCREMENT=5;

--
-- AUTO_INCREMENT for table `seminar_halls`
--
ALTER TABLE `seminar_halls`
  MODIFY `hall_id` int(11) NOT NULL AUTO_INCREMENT, AUTO_INCREMENT=4;

--
-- AUTO_INCREMENT for table `seminar_seats`
--
ALTER TABLE `seminar_seats`
  MODIFY `seat_id` int(11) NOT NULL AUTO_INCREMENT, AUTO_INCREMENT=313;

--
-- AUTO_INCREMENT for table `staff`
--
ALTER TABLE `staff`
  MODIFY `staff_id` int(11) NOT NULL AUTO_INCREMENT, AUTO_INCREMENT=9;

--
-- AUTO_INCREMENT for table `students`
--
ALTER TABLE `students`
  MODIFY `student_id` int(11) NOT NULL AUTO_INCREMENT, AUTO_INCREMENT=267;

--
-- AUTO_INCREMENT for table `student_subjects`
--
ALTER TABLE `student_subjects`
  MODIFY `mapping_id` int(11) NOT NULL AUTO_INCREMENT, AUTO_INCREMENT=4096;

--
-- AUTO_INCREMENT for table `subjects`
--
ALTER TABLE `subjects`
  MODIFY `subject_id` int(11) NOT NULL AUTO_INCREMENT, AUTO_INCREMENT=11;

--
-- Constraints for dumped tables
--

--
-- Constraints for table `attendance_records`
--
ALTER TABLE `attendance_records`
  ADD CONSTRAINT `attendance_records_ibfk_1` FOREIGN KEY (`session_id`) REFERENCES `attendance_sessions` (`session_id`),
  ADD CONSTRAINT `attendance_records_ibfk_2` FOREIGN KEY (`student_id`) REFERENCES `students` (`student_id`),
  ADD CONSTRAINT `attendance_records_ibfk_3` FOREIGN KEY (`seat_id`) REFERENCES `seminar_seats` (`seat_id`),
  ADD CONSTRAINT `attendance_records_ibfk_4` FOREIGN KEY (`verified_by_student_id`) REFERENCES `students` (`student_id`);

--
-- Constraints for table `attendance_sessions`
--
ALTER TABLE `attendance_sessions`
  ADD CONSTRAINT `attendance_sessions_ibfk_1` FOREIGN KEY (`staff_id`) REFERENCES `staff` (`staff_id`),
  ADD CONSTRAINT `attendance_sessions_ibfk_2` FOREIGN KEY (`class_id`) REFERENCES `classes` (`class_id`),
  ADD CONSTRAINT `attendance_sessions_ibfk_3` FOREIGN KEY (`hall_id`) REFERENCES `seminar_halls` (`hall_id`),
  ADD CONSTRAINT `attendance_sessions_ibfk_4` FOREIGN KEY (`subject_id`) REFERENCES `subjects` (`subject_id`);

--
-- Constraints for table `seminar_seats`
--
ALTER TABLE `seminar_seats`
  ADD CONSTRAINT `seminar_seats_ibfk_1` FOREIGN KEY (`hall_id`) REFERENCES `seminar_halls` (`hall_id`);

--
-- Constraints for table `students`
--
ALTER TABLE `students`
  ADD CONSTRAINT `students_ibfk_1` FOREIGN KEY (`class_id`) REFERENCES `classes` (`class_id`);

--
-- Constraints for table `student_subjects`
--
ALTER TABLE `student_subjects`
  ADD CONSTRAINT `student_subjects_ibfk_1` FOREIGN KEY (`student_id`) REFERENCES `students` (`student_id`) ON DELETE CASCADE,
  ADD CONSTRAINT `student_subjects_ibfk_2` FOREIGN KEY (`subject_id`) REFERENCES `subjects` (`subject_id`) ON DELETE CASCADE;
COMMIT;

/*!40101 SET CHARACTER_SET_CLIENT=@OLD_CHARACTER_SET_CLIENT */;
/*!40101 SET CHARACTER_SET_RESULTS=@OLD_CHARACTER_SET_RESULTS */;
/*!40101 SET COLLATION_CONNECTION=@OLD_COLLATION_CONNECTION */;
